screen_id,name_pt,type,entry_from,exits_to,default_focus,controller,keyboard,mouse,steam_deck,text_keys,audio,animation,ultrawide,phase,status,notes
boot,Arranque,cena,executável,first_run · title,—,—,—,—,—,—,—,—,área 16:9,0,IN_GAME,Placeholder do dia zero em scenes/boot.tscn; a versão da §70 carrega Registry · idioma · save. Jogável em ≤ 4 s (§63).
first_run_language,Idioma (1.º arranque),menu,boot,first_run_consent,idioma do sistema,D-pad · A,setas · Enter,clique,igual ao comando,UI_LANGUAGE,sfx_ui_move · sfx_ui_confirm,entrada ≤ 150 ms,área 16:9,4,TODO,Só na primeira vez.
first_run_consent,Telemetria (1.º arranque),diálogo,first_run_language,title,UI_NO,A · B,Enter · Esc,clique,igual ao comando,UI_TELEMETRY_PROMPT · UI_YES · UI_NO,sfx_ui_confirm,—,área 16:9,5,TODO,Desligada por omissão · sem dados pessoais · RGPD (§32).
title,Título,menu,boot · pause · defeat · credits,continue · new_game · options · credits · sair,UI_CONTINUE se houver save; senão UI_NEW_GAME,D-pad · A · B,setas · Enter · Esc,clique,igual ao comando,UI_CONTINUE · UI_NEW_GAME · UI_OPTIONS · UI_CREDITS · UI_QUIT,music_title,cena-cartaz com luz de crepúsculo,cena alarga até 1600 px de mundo,4,TODO,Sem logótipo até haver nome.
continue,Continuar,ação,title,game,—,A,Enter,clique,A,—,sfx_ui_confirm,fade 300 ms,—,1,TODO,Carrega o espaço mais recente (três com rotação §62).
new_game,Novo jogo,fluxo,title,people_select · seed_select,—,—,—,—,—,UI_NEW_GAME,—,—,—,1,TODO,Na fatia vertical salta a escolha de povo.
people_select,Escolher povo,menu,new_game,seed_select,último povo jogado,stick/D-pad esquerda-direita · A · B,setas · Enter · Esc,clique,igual ao comando,UI_CHOOSE_PEOPLE · PEOPLE_*,sfx_ui_move,silhueta dos telhados (§22),área 16:9,7,TODO,Aparece quando houver dois povos.
seed_select,Semente do mundo,menu,people_select · new_game,game,UI_SEED_RANDOM,stick cima/baixo muda dígito · A,dígitos · Enter,clique + teclado,teclado Steamworks,UI_WORLD_SEED · UI_SEED_RANDOM,sfx_ui_move,—,área 16:9,1,TODO,A semente é visível e copiável depois na pausa (§42).
game,Jogo,mundo,continue · seed_select · pause · journal · succession,pause · king_wheel · journal · succession · interregnum · defeat · epilogue,—,dois verbos (§24),A D · Espaço · E · Tab · Esc,botão direito = marcar alvo,igual ao comando,DAY_N (só depuração),stems do bioma (§23),ver ANIMATION_BIBLE,mundo visível ≤ 1600 px (§19),1,TODO,O único HUD permanente é o relógio da dívida (§24).
king_wheel,Roda do rei,menu diegético,game (Y/Tab com o monarca),game,segmento apontado,manter Y · stick · largar,manter Tab · 1–6,clique no segmento,igual ao comando,— (só ícones),sfx_wheel_open · sfx_ui_move,vitral a abrir 150 ms,área 16:9,2,TODO,Construir · recrutar · ofícios · impulso · expedição · sucessão (§24). Não pausa (§05) — Q-034.
debt_clock,Relógio da dívida,HUD,debt_incurred,debt pago ou debt_defaulted,—,—,—,—,—,— (ícone de 6 dias),sfx_debt_tick,um entalhe por dia,canto superior direito da área 16:9,6,TODO,O único elemento de HUD permanente (§24).
pause,Pausa,menu,game (Esc/Start),game · options · title,UI_RESUME,D-pad · A · B,setas · Enter · Esc,clique,igual ao comando,UI_PAUSED · UI_RESUME · UI_OPTIONS · UI_SEED_COPY · UI_SAVE_AND_QUIT,sfx_ui_confirm,fundo escurecido,área 16:9,1,IN_GAME,Emite game_paused (§46). GB-13: greybox com UI_PAUSED · UI_RESUME e as duas opções que o §26 diz obrigatórias (OPT_SCREEN_SHAKE · OPT_FLASHES); faltam UI_OPTIONS · UI_SEED_COPY · UI_SAVE_AND_QUIT.
options,Opções,menu com separadores,title · pause,audio · video · controls · accessibility · language,primeiro separador,LB/RB · D-pad · A · B,Q/E · setas · Enter · Esc,clique,igual ao comando,UI_OPTIONS,sfx_ui_move,—,área 16:9,4,TODO,Aplica logo; guarda em user://settings.cfg (§45).
audio,Áudio,separador,options,options,OPT_MASTER_VOLUME,D-pad esquerda-direita ajusta,setas,arrastar,igual ao comando,OPT_MASTER_VOLUME · OPT_MUSIC_VOLUME · OPT_SFX_VOLUME · OPT_CAPTIONS,amostra de som ao ajustar,—,área 16:9,4,TODO,
video,Vídeo,separador,options,options,OPT_FULLSCREEN,D-pad · A,setas · Enter,clique,sem fullscreen/janela no Deck,OPT_FULLSCREEN · OPT_WINDOWED · OPT_CRISP_PIXELS,sfx_ui_confirm,—,área 16:9,4,TODO,OPT_CRISP_PIXELS = escala inteira com barras (§19 · ADR 0001).
controls,Controlos,separador,options,remap,primeira ação,D-pad · A (remapear) · X (repor),setas · Enter,clique,igual ao comando,OPT_REMAP,sfx_ui_confirm,—,área 16:9,5,TODO,Remapeamento completo por InputMap (§26).
accessibility,Acessibilidade,separador,options,options,OPT_DAY_LENGTH,D-pad · A,setas · Enter,clique,igual ao comando,OPT_DAY_LENGTH · OPT_SCREEN_SHAKE · OPT_FLASHES · OPT_COLORBLIND · OPT_CONTRAST · OPT_TEXT_SIZE · OPT_CAPTIONS,sfx_ui_confirm,—,área 16:9,5,TODO,Ver ACCESSIBILITY_MATRIX.
language,Idioma,separador,options,options,idioma atual,D-pad · A,setas · Enter,clique,igual ao comando,UI_LANGUAGE,sfx_ui_confirm,—,área 16:9,4,TODO,Oito idiomas de loja (§27).
save_slots,Gravação,lista,continue · pause,game · title,espaço mais recente,D-pad · A · Y (apagar),setas · Enter · Del,clique,igual ao comando,UI_SLOT_N · UI_SLOT_DAY_N · UI_SLOT_EMPTY,sfx_ui_confirm,—,área 16:9,1,TODO,Três espaços com rotação; autosave no amanhecer (§62).
succession,Sucessão,cena curta,game (king_died com herdeiro),game,—,A salta,Enter salta,clique salta,A salta,UI_SUCCESSION,sting_succession,3 s: novo monarca e nobres na varanda,área 16:9,6,TODO,A ganância lê-se pelos nobres (§15 · §24).
interregnum,Interregno,estado no mundo,game (king_died sem herdeiro),game · defeat,—,—,—,—,—,UI_INTERREGNUM,sting_interregnum,castelo sem coroa,—,6,TODO,3 dias sem construir · ganância 80 (§16). Não bloqueia.
defeat,Derrota,cena,game,title,UI_CONTINUE,A,Enter,clique,A,UI_CROWN_FALLEN,sting_defeat,o que o decay mantém mostrado como objetos,área 16:9,1,IN_GAME,Sementes · classes · mapas · segredos · 40% das estruturas (§16). GB-16: greybox com UI_CROWN_FALLEN e UI_NEW_GAME, que recomeça do zero; o decay ainda não existe (Q-088).
victory_epilogue,Epílogo,sequência,game,credits,—,A avança,Enter,clique,A,EPILOGUE_UNION · EPILOGUE_DOMINION,music_epilogue,colagem arquitetónica final,área 16:9,7,TODO,União se poupaste os reis; Domínio se os mataste (§17).
journal,Diário,leitura,game (secret_found),game,texto,B fecha · stick rola,Esc · setas,roda do rato,igual ao comando,JOURNAL_NN_TITLE · JOURNAL_NN_BODY,sfx_page,pergaminho a abrir,área 16:9,3,TODO,O único ecrã com parágrafos; ≤ 600 caracteres.
credits,Créditos,rolagem,title · victory_epilogue,title,—,B sai,Esc,clique,B,UI_CREDITS,music_credits,rolagem,área 16:9,4,TODO,Inclui as licenças de terceiros (NOTICE.md).
