keys,pt_PT,en,_context,_max_chars,_notes
UNIT_VAGRANT,Vagabundo,Vagrant,nome de conteúdo — unit,24,
UNIT_ARCHER,Arqueiro,Archer,nome de conteúdo — unit,24,
UNIT_SPEARMAN,Lanceiro,Spearman,nome de conteúdo — unit,24,
UNIT_DRAGONFLY,Libélula,Dragonfly,nome de conteúdo — unit,24,
UNIT_ROOT_BERSERKER,Berserker de Raiz,Root Berserker,nome de conteúdo — unit,24,
UNIT_MERCENARY,Mercenário,Mercenary,nome de conteúdo — unit,24,
UNIT_MONARCH,Monarca,Monarch,nome de conteúdo — unit,24,
UNIT_SQUIRE,Escudeiro,Squire,nome de conteúdo — unit,24,
UNIT_BUILDER,Construtor,Builder,nome de conteúdo — unit,24,
UNIT_SMITH,Ferreiro,Smith,nome de conteúdo — unit,24,
UNIT_COOK,Cozinheiro,Cook,nome de conteúdo — unit,24,
UNIT_DIPLOMAT,Diplomata,Diplomat,nome de conteúdo — unit,24,
UNIT_BARD,Bardo,Bard,nome de conteúdo — unit,24,
UNIT_CLIMBER,Trepador,Climber,nome de conteúdo — unit,24,
UNIT_ARCHER_HERO,O Arqueiro,The Archer,nome de conteúdo — unit (Q-162),24,"O corpo jogável da classe, maior do que a tropa: um arqueiro com nome de classe, e não mais um."
UNIT_BARD_HERO,O Bardo,The Bard,nome de conteúdo — unit (Q-162),24,O corpo jogável da classe (Q-162).
UNIT_DIPLOMAT_HERO,O Diplomata,The Diplomat,nome de conteúdo — unit (Q-162),24,O corpo jogável da classe (Q-162).
UNIT_BURIED_KNIGHT,Cavaleiro Enterrado,Buried Knight,nome de conteúdo — unit,24,
UNIT_SEALED_KNIGHT,Cavaleiro Selado,Sealed Knight,nome de conteúdo — unit,24,
UNIT_CANOPY_ARCHER,Arqueiro de Copa,Canopy Archer,nome de conteúdo — unit,24,
UNIT_BARGE,Barcaça,Barge,nome de conteúdo — unit,24,
UNIT_COUNTERWEIGHT_RAM,Aríete de Contrapeso,Counterweight Ram,nome de conteúdo — unit,24,
UNIT_SOWER,Semeador,Sower,nome de conteúdo — unit,24,
UNIT_ICE_WARDEN,Guarda do Gelo,Ice Warden,nome de conteúdo — unit (Q-010),24,
UNIT_REED_STALKER,Caçador do Caniçal,Reed Stalker,nome de conteúdo — unit (Q-013),24,
UNIT_WAR_SMITH,Ferreiro de Guerra,War Smith,nome de conteúdo — unit,24,
UNIT_DIGGER,Escavador,Digger,nome de conteúdo — unit,24,
CREATURE_CRAWLER,Rastejante,Crawler,nome de conteúdo — creature,24,
CREATURE_WINGED,Alado,Winged,nome de conteúdo — creature,24,
CREATURE_BRUTE,Bruto,Brute,nome de conteúdo — creature,24,
CREATURE_BURROWER,Cavador,Burrower,nome de conteúdo — creature,24,
CREATURE_SLIME_RAM,Aríete de Lodo,Slime Ram,nome de conteúdo — creature,24,
CREATURE_DEVOURER,Consumidora,Devourer,nome de conteúdo — creature,24,
BUILDING_CORE,Castelo,Keep,nome de conteúdo — building,24,
BUILDING_TRAINING_HOUSE,Casa de Treino,Training House,nome de conteúdo — building,24,
BUILDING_FORGE,Forja,Forge,nome de conteúdo — building,24,
BUILDING_KITCHEN,Cozinha,Kitchen,nome de conteúdo — building,24,
BUILDING_EMBASSY,Embaixada,Embassy,nome de conteúdo — building,24,
BUILDING_HEIR_HOUSE,Casa do Herdeiro,Heir's House,nome de conteúdo — building,24,
BUILDING_ROOT_SANCTUARY,Santuário das Raízes,Root Sanctuary,nome de conteúdo — building,24,
BUILDING_MOUNT_STABLE,Estábulo,Stable,nome de conteúdo — building,24,
BUILDING_FARM,Plantação,Field,nome de conteúdo — building,24,
BUILDING_FISHERY,Pesqueiro,Fishery,nome de conteúdo — building,24,
BUILDING_HENHOUSE,Galinheiro,Henhouse,nome de conteúdo — building,24,
BUILDING_COW_STABLE,Estábulo de Vacas,Cowshed,nome de conteúdo — building,24,
BUILDING_LUMBER_CAMP,Corte de Madeira,Lumber Camp,nome de conteúdo — building,24,
BUILDING_ORE_PIT,Poço de Minério,Ore Pit,nome de conteúdo — building,24,
BUILDING_GRANARY,Celeiro,Granary,nome de conteúdo — building,24,
BUILDING_SALTERY,Salga,Saltery,nome de conteúdo — building,24,
BUILDING_PEN,Curral,Pen,nome de conteúdo — building,24,
BUILDING_SAWMILL,Serração,Sawmill,nome de conteúdo — building,24,
BUILDING_SMELTER,Fundição,Smelter,nome de conteúdo — building,24,
BUILDING_ARCHER_TOWER,Torre de Arqueiros,Archer Tower,nome de conteúdo — building,24,
BUILDING_HIGH_TOWER,Torre Alta,High Tower,nome de conteúdo — building,24,
BUILDING_FIRE_BARREL,Barril de Fogo,Fire Barrel,nome de conteúdo — building,24,
BUILDING_CAMPFIRE,Fogueira,Campfire,nome de conteúdo — building (Q-029),24,
HUD_TORCHES,ARCHOTES {n},TORCHES {n},painel do jogo: archotes no saco do rei (Q-029),16,
HUD_SPIRIT,ÂNIMO {n},SPIRIT {n},HUD do greybox: o ânimo do reino (Q-102),16,
HUD_SEEDS,SEMENTES {n},SEEDS {n},HUD do greybox: as Sementes Reais (Q-095),16,
BUILDING_ROOT_MOAT,Fosso de Raízes,Root Moat,nome de conteúdo — building,24,
BUILDING_LIGHTHOUSE,Farol,Lighthouse,nome de conteúdo — building,24,
BUILDING_CONSECRATED_ALTAR,Altar Consagrado,Consecrated Altar,nome de conteúdo — building,24,
WALL_STAKES,Estacaria,Stakes,nome de conteúdo — wall,24,
WALL_PALISADE,Paliçada,Palisade,nome de conteúdo — wall,24,
WALL_STONE,Muro de Pedra,Stone Wall,nome de conteúdo — wall,24,
WALL_IRON,Muralha de Ferro,Iron Wall,nome de conteúdo — wall,24,
WALL_BASTION,Bastião,Bastion,nome de conteúdo — wall,24,
CLASS_MONARCH,Monarca,Monarch,nome de conteúdo — class,24,
CLASS_ARCHER,Arqueiro,Archer,nome de conteúdo — class,24,
CLASS_BARD,Bardo,Bard,nome de conteúdo — class,24,
CLASS_CLIMBER,Trepador,Climber,nome de conteúdo — class,24,
CLASS_BURIED_KNIGHT,Cavaleiro Enterrado,Buried Knight,nome de conteúdo — class,24,
CLASS_SEALED_KNIGHT,Cavaleiro Selado,Sealed Knight,nome de conteúdo — class,24,
CLASS_DIPLOMAT,Diplomata,Diplomat,nome de conteúdo — class,24,
STORAGE_ROYAL_BELT,Cinto real,Royal belt,nome de conteúdo — storage,24,
STORAGE_QUIVER,Aljava,Quiver,nome de conteúdo — storage,24,
STORAGE_SATCHEL,Alforge,Satchel,nome de conteúdo — storage,24,
STORAGE_CLIMBING_BELT,Cinto de escalada,Climbing belt,nome de conteúdo — storage,24,
STORAGE_KNIGHT_PACK,Mochila de armadura,Knight's pack,nome de conteúdo — storage,24,
STORAGE_SADDLEBAGS,Alforges,Saddlebags,nome de conteúdo — storage,24,
STORAGE_DISPATCH_CASE,Pasta de tratados,Dispatch case,nome de conteúdo — storage,24,
CRAFT_GRAIN,Grão,Grain,nome de conteúdo — craft,24,
CRAFT_FISH,Peixe,Fish,nome de conteúdo — craft,24,
CRAFT_ANIMAL,Animal vivo,Livestock,nome de conteúdo — craft,24,
CRAFT_WOOD,Madeira,Timber,nome de conteúdo — craft,24,
CRAFT_ORE,Minério,Ore,nome de conteúdo — craft,24,
JOB_WALL,Muralha,Wall,nome de conteúdo — job,24,
JOB_TOWER,Torre,Tower,nome de conteúdo — job,24,
JOB_FARM,Plantação,Field,nome de conteúdo — job,24,
JOB_HUNT,Caça,Hunt,nome de conteúdo — job,24,
JOB_BUILD,Construir,Build,nome de conteúdo — job,24,
JOB_REPAIR,Reparar,Repair,nome de conteúdo — job,24,
JOB_FORGE,Forja,Forge,nome de conteúdo — job,24,
JOB_KITCHEN,Cozinha,Kitchen,nome de conteúdo — job,24,
JOB_EMBASSY,Embaixada,Embassy,nome de conteúdo — job,24,
JOB_MILKING,Ordenha,Milking,nome de conteúdo — job,24,
JOB_CART,Carroça,Cart,nome de conteúdo — job,24,
JOB_GUARD,Guarda,Guard,nome de conteúdo — job,24,
JOB_AIR_PATROL,Patrulha aérea,Air Patrol,nome de conteúdo — job,24,
JOB_PERFORM,Atuação,Performance,nome de conteúdo — job,24,
BIOME_ANCIENT_FOREST,Floresta Antiga,Ancient Forest,nome de conteúdo — biome,24,
BIOME_COAST,Costa,Coast,nome de conteúdo — biome,24,
BIOME_CANYON,Desfiladeiro,Canyon,nome de conteúdo — biome,24,
BIOME_FLOODPLAIN,Várzea,Floodplain,nome de conteúdo — biome,24,
BIOME_GLACIER,Glaciar,Glacier,nome de conteúdo — biome (Q-010),24,
BIOME_MARSH,Bruma,Marsh,nome de conteúdo — biome (Q-013),24,
BIOME_VOLCANIC,Terras Vulcânicas,Volcanic Lands,nome de conteúdo — biome,24,
BIOME_SUBTERRANEAN,Subterrâneo,Underground,nome de conteúdo — biome,24,
MOUNT_ON_FOOT,A pé,On Foot,nome de conteúdo — mount,24,
MOUNT_DRAFT_HORSE,Cavalo de Tração,Draft Horse,nome de conteúdo — mount,24,
MOUNT_BOAR,Javali,Boar,nome de conteúdo — mount,24,
MOUNT_LIZARD,Lagarto,Lizard,nome de conteúdo — mount,24,
MOUNT_DRAGONFLY,Libélula,Dragonfly,nome de conteúdo — mount,24,
MOUNT_ROT_ELK,Alce da Podridão,Rot Elk,nome de conteúdo — mount,24,
IMPULSE_FORCED_HARVEST,Colheita Forçada,Forced Harvest,nome de conteúdo — impulse,24,
IMPULSE_CALL_TO_ARMS,Chamada às Armas,Call to Arms,nome de conteúdo — impulse,24,
IMPULSE_FREE_FAIR,Feira Livre,Free Fair,nome de conteúdo — impulse,24,
IMPULSE_PROTECTED_ROUTE,Rota Protegida,Protected Route,nome de conteúdo — impulse,24,
IMPULSE_VIGIL,Vigília,Vigil,nome de conteúdo — impulse,24,
IMPULSE_ROYAL_PARDON,Perdão Real,Royal Pardon,nome de conteúdo — impulse,24,
GREED_AUSTERE,Austero,Austere,nome de conteúdo — greed,24,
GREED_BALANCED,Equilibrado,Balanced,nome de conteúdo — greed,24,
GREED_LAVISH,Fastuoso,Lavish,nome de conteúdo — greed,24,
GREED_TYRANT,Tirano,Tyrant,nome de conteúdo — greed,24,
SECRET_ROOT_CHAMBER,Câmara de Raiz,Root Chamber,nome de conteúdo — secret,24,
SECRET_BURIED_STATUE,Estátua Enterrada,Buried Statue,nome de conteúdo — secret,24,
SECRET_CAMPAIGN_JOURNAL,Diário de Campanha,Campaign Journal,nome de conteúdo — secret,24,
SECRET_ANCIENT_SEED,Semente Anciã,Ancient Seed,nome de conteúdo — secret,24,
SECRET_STATUE_OFFERING,Estátua da Oferenda,Statue of the Offering,nome de conteúdo — secret (Q-016),24,
SECRET_STATUE_SEAL,Estátua do Mineiro,Statue of the Miner,nome de conteúdo — secret (Q-016),24,
WILDLIFE_RABBIT,Coelho,Rabbit,nome de conteúdo — wildlife,24,
WILDLIFE_DEER,Veado,Deer,nome de conteúdo — wildlife,24,
WILDLIFE_BOAR,Javali,Boar,nome de conteúdo — wildlife,24,
WILDLIFE_PHEASANT,Faisão,Pheasant,nome de conteúdo — wildlife,24,
WILDLIFE_FOX,Raposa,Fox,nome de conteúdo — wildlife,24,
WILDLIFE_WHITE_STAG,Cervo branco,White stag,nome de conteúdo — wildlife,24,
COMPANION_SNIFFER,Farejador,Sniffer,nome de conteúdo — companion,24,
COMPANION_HERALD,Arauto,Herald,nome de conteúdo — companion,24,
COMPANION_MAGPIE,Pega,Magpie,nome de conteúdo — companion,24,
CHAOS_SPORE_FIELD,Campo de Esporos,Spore Field,nome de conteúdo — chaos,24,
CHAOS_INVERTED_FLOODPLAIN,Várzea Invertida,Inverted Floodplain,nome de conteúdo — chaos,24,
CHAOS_BLIND_FURROW,Sulco Cego,Blind Furrow,nome de conteúdo — chaos,24,
CHAOS_BONE_MARKET,Mercado dos Ossos,Bone Market,nome de conteúdo — chaos,24,
PEOPLE_ENRAMADOS,Enramados,Enramados,nome de povo,16,Nome provisório (§04). Nome próprio: fica igual em EN até a Bíblia de nomes decidir.
PEOPLE_PORTUARIOS,Portuários,Portuários,nome de povo,16,Nome provisório (§04). Nome próprio: fica igual em EN até a Bíblia de nomes decidir.
PEOPLE_FENDA,Fenda,Fenda,nome de povo,16,Nome provisório (§04). Nome próprio: fica igual em EN até a Bíblia de nomes decidir.
PEOPLE_HORTA,Horta,Horta,nome de povo,16,Nome provisório (§04). Nome próprio: fica igual em EN até a Bíblia de nomes decidir.
PEOPLE_GEADA,Geada,Geada,nome de povo (Q-010),16,Nome provisório: o povo do gelo. Fica igual em EN até a Bíblia de nomes decidir.
PEOPLE_BRUMA,Bruma,Bruma,nome de povo (Q-013),16,Nome de trabalho para o povo do pântano (Q-175), ajustável; Bruma é a névoa sobre a água.
PEOPLE_FORNALHA,Fornalha,Fornalha,nome de povo,16,Nome provisório (§04). Nome próprio: fica igual em EN até a Bíblia de nomes decidir.
PEOPLE_SOBRAIZ,Sob-Raiz,Sob-Raiz,nome de povo,16,Nome provisório (§04). Nome próprio: fica igual em EN até a Bíblia de nomes decidir.
JOURNAL_01_TITLE,Lista dos nichos de estrada,The roadside shrine list,título de diário,32,Ato 1 (§79). Seis aldeias pagavam para o mesmo fundo.
JOURNAL_01_BODY,"Nichos a caiar antes das chuvas: o da bifurcação da Horta, os dois da estrada larga, o do vau, o da subida, e o que fica no meio do sobreiro.

Cal: dois alqueires. Óleo: o do costume.

Pagam: Enramados, Portuários, Horta, Fornalha, Fenda, Sob-Raiz. Partes iguais, como sempre.

Falta assentar quem varre o do sobreiro este ano. No ano passado foi a Fenda e ninguém reclamou.","Shrines to whitewash before the rains: the one at the Horta fork, the two on the wide road, the one at the ford, the one on the climb, and the one out in the cork oak.

Lime: two bushels. Oil: the usual.

Paying: Enramados, Portuários, Horta, Fornalha, Fenda, Sob-Raiz. Equal shares, as always.

Still to settle who sweeps the cork oak one this year. Last year it was Fenda and nobody complained.",texto de diário,600,Ato 1 (§79). Primeira versão; mede-se contra o diário 9. Seis aldeias pagavam para o mesmo fundo.
JOURNAL_02_TITLE,Manifesto de porto,Harbour manifest,título de diário,32,"Ato 1 (§79). Havia comércio, língua comum e famílias misturadas."
JOURNAL_02_BODY,"Entrada de terça. Barca da Horta: cebola, dois fardos de linho, sal de retorno.

Saída: madeira serrada para a Fornalha, três barris de resina.

Registo da semana: casaram Anta, de cá, com Milheiro da Horta. Casou a filha do mestre de barcas com um dos Enramados, e o pai não veio.

Escrito na fala do porto, que toda a gente lê.","Tuesday's arrival. Barge from Horta: onions, two bales of flax, salt on the return.

Out: sawn timber for Fornalha, three barrels of resin.

This week's register: Anta, of this place, married Milheiro of Horta. The bargemaster's daughter married one of the Enramados, and the father did not come.

Written in harbour speech, which everyone reads.",texto de diário,600,"Ato 1 (§79). Primeira versão; mede-se contra o diário 9. Havia comércio, língua comum e famílias misturadas."
JOURNAL_03_TITLE,Carta de fundação da procissão,Charter of the procession,título de diário,32,"Ato 1 (§79). Instituída para levar uma coisa a uma capela uma vez, e nunca mais."
JOURNAL_03_BODY,"Fica instituída a procissão, para levar à capela do alto o que aqui se guarda. Uma vez.

Sai à alvorada. Vai pelo caminho de baixo, que é mais longo e não passa por casas.

Acabada a entrega, desfaz-se. Não se repete no ano seguinte nem em nenhum.

Assinam os seis. O andor fica à guarda de quem o carregar primeiro.","The procession is hereby instituted, to carry what is kept here up to the chapel on the height. Once.

It leaves at dawn. It takes the lower road, which is longer and passes no houses.

The delivery made, it disbands. It is not repeated the following year, nor any year.

The six sign. The litter stays in the keeping of whoever carries it first.",texto de diário,600,"Ato 1 (§79). Primeira versão; mede-se contra o diário 9. Instituída para levar uma coisa a uma capela uma vez, e nunca mais."
JOURNAL_04_TITLE,O livro da Contadeira,The Counting Woman's book,título de diário,32,Ato 2 (§79). Seis entregas para fora. Nenhuma de volta.
JOURNAL_04_BODY,"Livro de contas da casa do cruzamento. Começa hoje.

Passou para poente: um carro dos Enramados, coberto. Um da Horta, coberto. Um da Fenda. Um dos Portuários. Um da Fornalha. Um dos Sob-Raiz, que levava mais gente do que carga.

Seis.

Para nascente, esta semana: nada. Para nascente, semana passada: nada. Para nascente, no mês inteiro: nada.

Anoto na mesma, porque a conta é a conta e há de fazer falta a alguém.

Deixo espaço para quando voltarem.","Accounts book of the house at the crossroad. Begins today.

Went west: one cart of the Enramados, covered. One of Horta, covered. One of Fenda. One of the Portuários. One of Fornalha. One of the Sob-Raiz, carrying more people than freight.

Six.

Eastward, this week: nothing. Eastward, last week: nothing. Eastward, the whole month: nothing.

I write it down all the same, because the count is the count and it will matter to someone.

I leave room for when they come back.",texto de diário,600,Ato 2 (§79). Primeira versão; mede-se contra o diário 9. Seis entregas para fora. Nenhuma de volta.
JOURNAL_05_TITLE,Requisição de material,Requisition for wall stock,título de diário,32,"Ato 2 (§79). «Do costume», em quantidade que dá exatamente uma árvore."
JOURNAL_05_BODY,"Requisição para o segmento sul, do costume.

Estacas: cento e vinte, de quatro palmos. Tabique: o que der para dezasseis panos. Lascas: as que sobrarem da Fenda. Escória: dois carros, se a Fornalha mandar.

Total, pelo cálculo do mestre: uma.

Vem pelo caminho de baixo, à noite, como das outras vezes. Não se descarrega à porta da vila, e não se pergunta ao carreiro de onde vem.

Assentar em separado do resto, como sempre se assentou.","Requisition for the south segment, the usual.

Stakes: one hundred and twenty, four spans. Lath: enough for sixteen panels. Splinters: whatever Fenda has left over. Slag: two carts, if Fornalha sends them.

Total, by the master's reckoning: one.

It comes by the lower road, at night, as the other times. It is not unloaded at the village gate, and the carter is not asked where it came from.

To be entered apart from the rest, as it has always been entered.",texto de diário,600,"Ato 2 (§79). Primeira versão; mede-se contra o diário 9. «Do costume», em quantidade que dá exatamente uma árvore."
JOURNAL_06_TITLE,Carta de quem foi ver,Letter from the one who went,título de diário,32,Ato 2 (§79). Os seis materiais cheiram todos ao mesmo.
JOURNAL_06_BODY,"Fui aos seis, como pediste, e levei o tempo que disse que levava.

A madeira dos Enramados. As estacas da Horta. As lascas da Fenda. O tabique dos Portuários. A escória da Fornalha. E o que os Sob-Raiz puseram no deles, que ninguém sabe nomear.

Molhei um pedaço de cada e cheirei ao pé do lume.

É o mesmo cheiro. Nos seis.

Não te digo mais por carta.","I went to all six, as you asked, and it took the time I said it would.

The timber of the Enramados. The stakes of Horta. The splinters of Fenda. The lath of the Portuários. The slag of Fornalha. And whatever the Sob-Raiz put in theirs, which nobody can name.

I wetted a piece of each and smelled it by the fire.

It is the same smell. All six.

I will not tell you more by letter.",texto de diário,600,Ato 2 (§79). Primeira versão; mede-se contra o diário 9. Os seis materiais cheiram todos ao mesmo.
JOURNAL_07_TITLE,Bilhete à porta do forno,Note nailed to the oven door,título de diário,32,Ato 3 (§79). O forno foi aceso «para a vigília». Ninguém o apagou porque a vigília não acabou.
JOURNAL_07_BODY,"Aceso para a vigília.

Não se apaga sem ordem de quem a mandou fazer. Quem estiver de turno alimenta duas vezes ao dia, de manhã e ao pôr do sol, e assina por baixo. Carvão do monte, e nunca madeira verde.

Alimentei. — o ferreiro velho
Alimentei. — o filho
Alimentei. — o filho
Alimentei. — a mulher do filho
Alimentei. — não diz
Alimentei. — não diz
Alimentei.","Lit for the vigil.

It is not put out without an order from the one who called it. Whoever is on shift feeds it twice a day, at morning and at sundown, and signs below. Charcoal from the stack, and never green wood.

Fed it. — the old smith
Fed it. — the son
Fed it. — the son
Fed it. — the son's wife
Fed it. — no name
Fed it. — no name
Fed it.",texto de diário,600,Ato 3 (§79). Primeira versão; mede-se contra o diário 9. O forno foi aceso «para a vigília». Ninguém o apagou porque a vigília não acabou.
JOURNAL_08_TITLE,As contas do Dono da Praça,The Square Owner's accounts,título de diário,32,Ato 3 (§79). Cinco pagavam ao sexto para fazer o trabalho sozinho. Depois deixaram de pagar.
JOURNAL_08_BODY,"Conta corrente com os cinco, pelo turno dos Sob-Raiz.

Enramados: pago até à colheita. Horta: pago. Portuários: pago, com desconto de frete. Fornalha: pago em ferro. Fenda: pago, com atraso de dois meses e sem juro, que se perdoou.

Ano seguinte — Enramados: nada. Horta: nada. Portuários: nada. Fornalha: nada. Fenda: nada.

Ano seguinte, igual. E o seguinte, e o outro.

Mandei cobrar duas vezes e as duas cartas voltaram por mão do próprio carteiro.

Ninguém veio dizer que parava. Só pararam.","Running account with the five, for the Sob-Raiz shift.

Enramados: paid to harvest. Horta: paid. Portuários: paid, freight discounted. Fornalha: paid in iron. Fenda: paid, two months late and no interest, which was forgiven.

Following year — Enramados: nothing. Horta: nothing. Portuários: nothing. Fornalha: nothing. Fenda: nothing.

Following year, the same. And the next, and the one after.

I sent to collect twice and both letters came back by the carrier's own hand.

Nobody came to say they were stopping. They just stopped.",texto de diário,600,Ato 3 (§79). Primeira versão; mede-se contra o diário 9. Cinco pagavam ao sexto para fazer o trabalho sozinho. Depois deixaram de pagar.
JOURNAL_09_TITLE,Escala de turnos,A roster of shifts,título de diário,32,"Ato 3 (§79). Datada do ano em que A Podridão começa, com a semana seguinte já preenchida. É o espécime da §79: setenta e uma palavras, e nada explicado."
JOURNAL_09_BODY,"Semana trinta e uma.

Turno da manhã: Ourique, Bendafé, o rapaz do Vale que ainda não disse o nome.
Turno da tarde: Marta, e a irmã se a perna deixar.
Turno da noite: eu.

Falta óleo para nove dias. Mandei recado acima pela terceira vez.
Não é queixa. É a conta.

Semana trinta e dois, mesma ordem.
Semana trinta e três, mesma ordem.","Week thirty-one.

Morning shift: Ourique, Bendafé, the boy from the Vale who still hasn't given his name.
Afternoon shift: Marta, and her sister if the leg allows.
Night shift: me.

Oil short by nine days. Sent word up for the third time.
It is not a complaint. It is the count.

Week thirty-two, same order.
Week thirty-three, same order.",texto de diário,600,"Ato 3 (§79). Primeira versão; mede-se contra o diário 9. Datada do ano em que A Podridão começa, com a semana seguinte já preenchida. É o espécime da §79: setenta e uma palavras, e nada explicado."
JOURNAL_10_TITLE,Registo de travessias,Register of crossings,título de diário,32,"Ato 4 (§79). Desde o soterramento, ninguém veio do outro lado."
JOURNAL_10_BODY,"Registo da ponte. Quem passa, para que lado, e a que horas.

Para lá: doze. Para cá: nenhum.
Para lá: nove. Para cá: nenhum.
Para lá: quatro. Para cá: nenhum.
Para lá: um. Para cá: nenhum.

Deixei de assentar as horas porque são todas iguais.

Os que vão levam alguma coisa. Ponho o que levam, quando me deixam ver.

Hoje não foi ninguém.","Bridge register. Who crosses, which way, and at what hour.

Over: twelve. Back: none.
Over: nine. Back: none.
Over: four. Back: none.
Over: one. Back: none.

I stopped writing the hours because they are all the same.

Those who go carry something. I put down what they carry, when they let me see.

Today nobody went.",texto de diário,600,"Ato 4 (§79). Primeira versão; mede-se contra o diário 9. Desde o soterramento, ninguém veio do outro lado."
JOURNAL_11_TITLE,A última ordem do conselho,The council's last order,título de diário,32,Ato 4 (§79). «Quem a mantiver é rendido à volta do ano.» Não há registo de rendição: as duas linhas ficam em branco.
JOURNAL_11_BODY,"Do conselho comum, aos seis.

A luz mantém-se. Fica ao cuidado de quem tiver o turno, lá em baixo, onde sempre esteve, e não sobe à superfície por motivo nenhum.

Quem a mantiver é rendido à volta do ano. O óleo é dos seis, em partes iguais, e entrega-se antes das chuvas.

A rendição assenta-se aqui, com o nome de quem entra e o de quem sai.

Assinam: Enramados, Horta, Portuários, Fornalha, Fenda, Sob-Raiz.

Entra: ———
Sai: ———","From the common council, to the six.

The light is kept. It falls to whoever holds the shift, down below, where it has always been, and it does not come up to the surface for any reason.

Whoever keeps it is relieved at the turn of the year. The oil is the six's, in equal shares, delivered before the rains.

The relief is entered here, with the name of the one coming in and the one going out.

Signed: Enramados, Horta, Portuários, Fornalha, Fenda, Sob-Raiz.

In: ———
Out: ———",texto de diário,600,Ato 4 (§79). Primeira versão; mede-se contra o diário 9. «Quem a mantiver é rendido à volta do ano.» Não há registo de rendição: as duas linhas ficam em branco.
JOURNAL_12_TITLE,O diário de um rei,A king's journal,título de diário,32,"Ato 4 (§79). A última entrada é de amanhã, e a letra é a do teu rei. É a única vez que a §79 diz a frase."
JOURNAL_12_BODY,"Décimo dia. Não chegaram ao muro. Nunca chegam ao muro.

Os celeiros dão para o inverno se ninguém sair. Mandei não sair.

Se abrir o portão, acaba. Já o pensei quatro vezes hoje.

Não abro, porque no dia em que abrir tenho de contar os que ficaram, e não sei esse número. Enquanto durar o cerco, não tenho de o saber.

[amanhã]
Não estava a atacar-me. Estava a pedir para ir embora.","Tenth day. They did not reach the wall. They never reach the wall.

The granaries will hold the winter if nobody goes out. I ordered nobody out.

If I open the gate, it ends. I have thought it four times today.

I do not open it, because the day I do I have to count who is left, and I do not know that number. While the siege lasts, I do not have to know it.

[tomorrow]
It was not attacking me. It was asking to leave.",texto de diário,600,"Ato 4 (§79). Primeira versão; mede-se contra o diário 9. A última entrada é de amanhã, e a letra é a do teu rei. É a única vez que a §79 diz a frase."
ROT_NAME,A Podridão,The Rot,nome da ameaça,16,"Artigo definido faz parte do nome, nas duas línguas."
CURRENCY_COIN,Moeda,Coin,moeda,12,
CURRENCY_COIN_PLURAL,moedas,coins,"moeda, plural",12,
CURRENCY_ROYAL_SEED,Semente Real,Royal Seed,moeda de meta-progresso,16,
CURRENCY_FAVOR,Favor,Favor,moeda de diplomacia,12,EN em inglês dos EUA (guia de estilo).
DAY_N,Dia %d,Day %d,contador de dias,10,"O exemplo da §27 (DIA_N): chave inteira com marcador, nunca concatenação."
UI_NEW_GAME,Novo jogo,New Game,menu principal,20,
UI_CONTINUE,Continuar,Continue,menu principal,20,
UI_OPTIONS,Opções,Options,menu,20,
UI_CREDITS,Créditos,Credits,menu principal,20,
UI_QUIT,Sair,Quit,menu,20,
UI_PAUSED,Pausa,Paused,ecrã de pausa,20,
UI_JOURNAL_CLOSE,fechar,close,rodapé da folha de um diário (§79): o que os botões antes da palavra fazem,16,O pedido do dono de 30/09/2026: a folha fecha-se à mão. Os botões vêm antes e mudam com o dispositivo (§26).
UI_RESUME,Retomar,Resume,ecrã de pausa,20,
UI_SAVE_AND_QUIT,Guardar e sair,Save & Quit,ecrã de pausa,24,
UI_CHOOSE_PEOPLE,Escolhe o teu povo,Choose Your People,seleção de povo,28,
UI_WORLD_SEED,Semente do mundo,World Seed,seleção de semente,24,Semente = seed (§42). Não confundir com Semente Real.
UI_SEED_COPY,Copiar semente,Copy Seed,pausa: seed visível e copiável (§42),24,
UI_SEED_RANDOM,Semente aleatória,Random Seed,seleção de semente,24,
UI_SLOT_N,Espaço %d,Slot %d,espaço de gravação,16,Três espaços com rotação (§62).
UI_SLOT_EMPTY,Vazio,Empty,espaço de gravação,16,
UI_SLOT_DAY_N,Dia {day} · {people},Day {day} · {people},resumo de gravação: dia e povo,32,"Dois marcadores: nomeados, com String.format (guia de estilo §4)."
UI_AUDIO,Áudio,Audio,opções,20,
UI_VIDEO,Vídeo,Video,opções,20,
UI_CONTROLS,Controlos,Controls,opções,20,
UI_ACCESSIBILITY,Acessibilidade,Accessibility,opções,20,
UI_LANGUAGE,Idioma,Language,opções,20,
OPT_MASTER_VOLUME,Volume geral,Master Volume,opções de áudio,24,
OPT_MUSIC_VOLUME,Música,Music,opções de áudio,24,
OPT_SFX_VOLUME,Efeitos,Sound Effects,opções de áudio,24,
OPT_FULLSCREEN,Ecrã inteiro,Fullscreen,opções de vídeo,24,
OPT_WINDOWED,Janela,Windowed,opções de vídeo,24,
OPT_CRISP_PIXELS,Pixels nítidos,Crisp Pixels,opções de vídeo: escala inteira com barras (§19),24,
OPT_DAY_LENGTH,Duração do dia,Day Length,acessibilidade: 240–540 s (§26),24,
OPT_SCREEN_SHAKE,Tremor de ecrã,Screen Shake,acessibilidade,24,
OPT_FLASHES,Clarões,Flashes,acessibilidade: fotossensibilidade,24,
OPT_COLORBLIND,Modo para daltonismo,Colorblind Mode,acessibilidade,28,
OPT_COLORBLIND_OFF,Desligado,Off,modo para daltonismo (§26),16,GB-26
OPT_PROTANOPIA,Protanopia,Protanopia,modo para daltonismo (§26): vermelho,16,GB-26
OPT_DEUTERANOPIA,Deuteranopia,Deuteranopia,modo para daltonismo (§26): verde,16,GB-26
OPT_TRITANOPIA,Tritanopia,Tritanopia,modo para daltonismo (§26): azul,16,GB-26
OPT_CONTRAST,Contraste,Contrast,acessibilidade,24,
OPT_CAPTIONS,Legendas de sons,Sound Captions,acessibilidade (§26),24,
OPT_WHEEL_SLOWDOWN,Roda abranda o tempo,Wheel slows time,a roda do rei abranda o tempo a metade (§24; Q-034),24,Desligável: com isto desligado a roda não mexe no tempo.
OPT_SOUND,Som,Sound,os sons provisórios do jogo (ADR 0054; Q-209),24,Ligado por omissão.
OPT_TEXT_SIZE,Tamanho do texto,Text Size,acessibilidade,24,
OPT_REMAP,Remapear comandos,Remap Controls,controlos,28,
GAME_CODENAME,EMPIRE,EMPIRE,título no HUD do greybox,16,Codinome (NB-01): substitui-se quando houver nome.
PHASE_DAWN,Alvorada,Dawn,fase do dia (§05),12,GB-27
PHASE_MORNING,Manhã,Morning,fase do dia (§05),12,GB-27
PHASE_NOON,Meio-dia,Noon,fase do dia (§05),12,GB-27
PHASE_AFTERNOON,Tarde,Afternoon,fase do dia (§05),12,GB-27
PHASE_DUSK,Crepúsculo,Dusk,fase do dia (§05),12,GB-27
PHASE_NIGHT,Noite,Night,fase do dia (§05),12,GB-27
HUD_CLOCK,DIA {day} · {phase} · {pct}%,DAY {day} · {phase} · {pct}%,"HUD do greybox: dia, fase e progresso",40,GB-27. Marcadores com nome (§27): a ordem pode mudar por idioma.
HUD_RESOURCES,SACO {bag}/{cap} · TROPAS {troops} · SOLDO {wages}/dia · NOBRES {greed}% · NÚCLEO {core}%,PURSE {bag}/{cap} · TROOPS {troops} · WAGES {wages}/day · NOBLES {greed}% · KEEP {core}%,"HUD do greybox: saco, tropas, manutenção do dia (Q-124), ganância (§15) e vida do núcleo",96,GB-27; AUD-02
HUD_GOAL_DAY,RECOLHE MOEDAS\nprepara a fronteira,GATHER COINS\nready the border,HUD do greybox: objectivo de dia,40,GB-27. Duas linhas.
HUD_GOAL_NIGHT,A PODRIDÃO AVANÇA\nprotege as muralhas,THE ROT ADVANCES\nguard the walls,HUD do greybox: objectivo de noite,40,GB-27. Duas linhas.
TOAST_COIN,+{n} moeda,+{n} coin,aviso do HUD: moeda apanhada,16,GB-27
TOAST_BUILT,OBRA CONCLUÍDA,BUILT,aviso do HUD (build_completed),24,GB-27
TOAST_MARKED,ALVO MARCADO,TARGET MARKED,aviso do HUD (target_marked),24,GB-27
TOAST_PASSAGE,PASSAGEM USADA,PASSAGE USED,aviso do HUD (passage_used),24,GB-27
TOAST_BREACH,MURALHA ROMPIDA,WALL BREACHED,aviso do HUD (wall_breached),24,GB-27
TOAST_RESUMED,JOGO RETOMADO,RESUMED,aviso do HUD (game_paused falso),24,GB-27
LANG_PT_PT,Português,Português,"nome do idioma, no próprio idioma (§27)",16,GB-28. Endónimo: não se traduz.
LANG_EN,English,English,"nome do idioma, no próprio idioma (§27)",16,GB-28. Endónimo: não se traduz.
HINT_MOVE,mover,move,rodapé de comandos (§24): o que a tecla faz,16,GB-15. O glifo da tecla vem antes e muda com o dispositivo (§26).
HINT_DROP,moeda,coin,rodapé de comandos (§24): Verbo 1,32,GB-15
HINT_ASSUME,interagir,interact,rodapé de comandos (§24): Verbo 2,16,GB-15. Hoje o Verbo 2 só entra em passagens (Q-066).
HINT_MARK,habilidade,ability,rodapé de comandos (§24): marcar alvo,16,GB-15
HINT_WHEEL,impulsos,impulses,rodapé de comandos (§24): a roda do rei,32,"GB-15. Abre o painel de estado; com ele premido, 1–6 escolhe o impulso real (§15, Q-067, Q-110)."
HINT_PAUSE,pausa,pause,rodapé de comandos (§24),16,GB-15
KEY_SPACE,ESPAÇO,SPACE,nome de tecla no rodapé de comandos,16,GB-15
KEY_MOUSE_RIGHT,BOTÃO DIREITO,RIGHT CLICK,nome de botão do rato no rodapé de comandos,16,GB-15
PAD_CROSS,CRUZ,CROSS,botão ✕ de um comando PlayStation (§24),12,"GB-15. A fonte por omissão não tem ✕ ▢ △, e no browser não há fonte de sistema que os traga — por isso o nome, até haver o atlas de ícones do §26."
PAD_SQUARE,QUADRADO,SQUARE,botão ▢ de um comando PlayStation (§24),12,GB-15
PAD_TRIANGLE,TRIÂNGULO,TRIANGLE,botão △ de um comando PlayStation (§24),12,GB-15
PAD_CIRCLE,CÍRCULO,CIRCLE,botão ○ de um comando PlayStation (§24),12,"GB-15. Fecha a folha de um diário (SCREEN_REGISTER, journal: B fecha)."
OPT_TELEMETRY,Partilhar dados anónimos,Share Anonymous Data,"telemetria, desligada por omissão (§32)",32,
UI_TELEMETRY_PROMPT,"Queres partilhar dados anónimos de jogo para ajudar a afinar o Empire? Sem nome, sem IP. Podes mudar isto nas opções.","Share anonymous gameplay data to help tune Empire? No name, no IP. You can change this in Options.",primeiro arranque (§32),160,'Empire' é codinome — substituir quando houver nome (Bíblia de nomes).
UI_YES,Sim,Yes,confirmação,8,
UI_NO,Não,No,confirmação,8,
UI_INTERREGNUM,Interregno,Interregnum,morte do rei sem herdeiro (§16),20,
UI_CROWN_FALLEN,A coroa caiu,The Crown Has Fallen,derrota (§16),28,
UI_SUCCESSION,Sucessão,Succession,sucessão (§15),20,
UI_HEIR_CHOICE,O rei caiu. O herdeiro está pronto — continuas com um novo monarca?,The king has fallen. The heir is ready — carry on with a new monarch?,escolha da sucessão (§16; Q-146),90,
UI_HEIR_CONTINUE,Continuar com o herdeiro,Carry on with the heir,escolha da sucessão (Q-146),32,
UI_HEIR_DECLINE,Deixar a coroa cair,Let the crown fall,escolha da sucessão (Q-146),32,
EPILOGUE_UNION,União,Union,epílogo (§17),16,
EPILOGUE_DOMINION,Domínio,Dominion,epílogo (§17),16,
CAPTION_DAWN_BELL,[Sino da manhã],[Morning bell],legenda de som (§26),32,
CAPTION_DUSK_WARNING,[A Podridão desperta],[The Rot stirs],legenda de som (§26),32,
CAPTION_ROT_NEAR,[A Podridão aproxima-se],[The Rot draws near],legenda de som (§26),32,
CAPTION_NIGHT,[Cai a noite],[Night falls],legenda de som (§26),32,
CAPTION_WALL_BREACHED,[Uma muralha cedeu],[A wall gives way],legenda de som (§26),32,
CAPTION_KING_HIT,[O monarca foi ferido],[The monarch is hurt],legenda de som (§26),32,
CAPTION_DEBT_DUE,[O prazo da dívida aproxima-se],[The debt falls due],legenda de som (§26),32,
CAPTION_SECRET_NEAR,[Há um segredo por perto],[A secret is near],legenda de som (§26),32,
OFFER_THE_LAME,Dá-me o que já não anda.,Give me what no longer walks.,fala da Podridão — §75,48,"Oito palavras no máximo. Nunca ameaça, nunca explica, nunca trata por vós."
OFFER_JUST_LOOKING,Nada. Só quero ver.,Nothing. I only want to look.,fala da Podridão — §75,48,"Oito palavras no máximo. Nunca ameaça, nunca explica, nunca trata por vós."
OFFER_ONE_PER_DOOR,Um por cada porta.,One for every door.,fala da Podridão — §75,48,"Oito palavras no máximo. Nunca ameaça, nunca explica, nunca trata por vós."
OFFER_OPEN_GATE,Deixa a porta aberta.,Leave the door open.,fala da Podridão — §75,48,"Oito palavras no máximo. Nunca ameaça, nunca explica, nunca trata por vós."
OFFER_ALL_THAT_SHINES,"O que brilha, e nada mais.","What shines, and nothing else.",fala da Podridão — §75,48,"Oito palavras no máximo. Nunca ameaça, nunca explica, nunca trata por vós."
OFFER_THE_TREE_YOU_PLANTED,A árvore que plantaste.,The tree you planted.,fala da Podridão — §75,48,"Oito palavras no máximo. Nunca ameaça, nunca explica, nunca trata por vós."
OFFER_TELL_ME_A_NAME,Diz-me um nome.,Tell me a name.,fala da Podridão — §75,48,"Oito palavras no máximo. Nunca ameaça, nunca explica, nunca trata por vós."
OFFER_WHAT_YOU_BURIED,O que enterraste.,What you buried.,fala da Podridão — §75,48,"Oito palavras no máximo. Nunca ameaça, nunca explica, nunca trata por vós."
OFFER_WHAT_WAS_HERE_BEFORE,O que estava aqui antes de ti.,What was here before you.,fala da Podridão — §75,48,"Oito palavras no máximo. Nunca ameaça, nunca explica, nunca trata por vós."
OFFER_KEEP_THE_LANTERN,Fica com o Lume por uma noite.,Keep the Lume for one night.,fala da Podridão — §75,48,"Oito palavras no máximo. Nunca ameaça, nunca explica, nunca trata por vós."
OFFER_AN_HEIR,Um herdeiro.,An heir.,fala da Podridão — §75,48,"Oito palavras no máximo. Nunca ameaça, nunca explica, nunca trata por vós."
OFFER_GIVE_BACK_WHATS_MINE,Devolve-me o que é meu.,Give me back what is mine.,fala da Podridão — §75,48,"Oito palavras no máximo. Nunca ameaça, nunca explica, nunca trata por vós."
TITLE_THE_ONE_WHO_STAYED,O Que Ficou,The One Who Stayed,título de tropa — §76,36,Ganho por feito na alvorada; o ordinal acrescenta-se em código (D-08).
FEAT_THE_ONE_WHO_STAYED,Aguentou,Held out,"feito, para o registo e a encomendação — §76",28,
TITLE_SHE_WHO_HELD_THE_GATE,A Que Ficou na Porta,She Who Stayed at the Gate,título de tropa — §76,36,Ganho por feito na alvorada; o ordinal acrescenta-se em código (D-08).
FEAT_SHE_WHO_HELD_THE_GATE,Último na porta,Last at the gate,"feito, para o registo e a encomendação — §76",28,
TITLE_THE_ONE_WHO_BROKE_STONE,O Que Partiu a Pedra,The One Who Broke the Stone,título de tropa — §76,36,Ganho por feito na alvorada; o ordinal acrescenta-se em código (D-08).
FEAT_THE_ONE_WHO_BROKE_STONE,Partiu o cerco,Broke the siege,"feito, para o registo e a encomendação — §76",28,
TITLE_THE_COUNTER,O Contador,The Counter,título de tropa — §76,36,Ganho por feito na alvorada; o ordinal acrescenta-se em código (D-08).
FEAT_THE_COUNTER,Contou,Counted,"feito, para o registo e a encomendação — §76",28,
TITLE_THE_ONE_WHO_BROUGHT_THE_OTHERS,O Que Trouxe os Outros,The One Who Brought the Others,título de tropa — §76,36,Ganho por feito na alvorada; o ordinal acrescenta-se em código (D-08).
FEAT_THE_ONE_WHO_BROUGHT_THE_OTHERS,Trouxe os outros,Brought the others,"feito, para o registo e a encomendação — §76",28,
TITLE_SHE_WHO_SPOKE_WITH_HER,A Que Falou com Ela,She Who Spoke With Her,título de tropa — §76,36,Ganho por feito na alvorada; o ordinal acrescenta-se em código (D-08).
FEAT_SHE_WHO_SPOKE_WITH_HER,Falou com ela,Spoke with her,"feito, para o registo e a encomendação — §76",28,
TITLE_THE_DRY_ONE,O Seco,The Dry One,título de tropa — §76,36,Ganho por feito na alvorada; o ordinal acrescenta-se em código (D-08).
FEAT_THE_DRY_ONE,Não comeu,Did not eat,"feito, para o registo e a encomendação — §76",28,
TITLE_SHE_WHO_CAME_BACK,A Que Voltou,She Who Came Back,título de tropa — §76,36,Ganho por feito na alvorada; o ordinal acrescenta-se em código (D-08).
FEAT_SHE_WHO_CAME_BACK,Voltou,Came back,"feito, para o registo e a encomendação — §76",28,
TITLE_THE_ONE_WITH_THE_SAME_SPEAR,O Da Mesma Lança,The One With the Same Spear,título de tropa — §76,36,Ganho por feito na alvorada; o ordinal acrescenta-se em código (D-08).
FEAT_THE_ONE_WITH_THE_SAME_SPEAR,Não largou,Never let go,"feito, para o registo e a encomendação — §76",28,
CHAPTER_CROSSROAD_SOULS,As Alminhas do Cruzamento,The Souls at the Crossroad,nome de capítulo — §77,40,"Nome provisório (§04, §36)."
CHAPTER_LAW_CROSSROAD_SOULS,"Deixa uma moeda no nicho e as almas pintadas apontam por onde a Podridão vem esta noite. Tira uma moeda e, durante três dias, todas as leituras de estrada mentem — inclusive as do teu companheiro.","Leave a coin in the shrine and the painted souls point to where the Rot comes from tonight. Take a coin and, for three days, every road reading lies — your companion's included.","a lei do capítulo, numa frase — §77",,"Regra 1 da §77: uma lei. Se precisar de duas, são dois capítulos."
CHAPTER_WHO_CROSSROAD_SOULS,Ninguém. Um nicho de pedra com almas em chamas pintadas a vermelho e a branco por alguém que não sabia desenhar mãos.,"No one. A stone shrine with souls in flames, painted red and white by someone who could not draw hands.",o habitante — §77,,Regra 2 da §77: cumpre a lei e nunca a justifica.
CHAPTER_STOPPED_PILGRIMAGE,A Romaria Parada,The Halted Pilgrimage,nome de capítulo — §77,40,"Nome provisório (§04, §36)."
CHAPTER_LAW_STOPPED_PILGRIMAGE,Atravessar este segmento a pé custa o dobro do tempo. Larga uma moeda no andor e a procissão leva-te ao outro lado em 8 s — mas as tuas tropas andam ao passo dela durante um dia inteiro.,Crossing this segment on foot costs twice the time. Drop a coin on the litter and the procession carries you across in 8 s — but your troops keep its pace for a whole day.,"a lei do capítulo, numa frase — §77",,"Regra 1 da §77: uma lei. Se precisar de duas, são dois capítulos."
CHAPTER_WHO_STOPPED_PILGRIMAGE,"O Mordomo da Festa, que garante que falta pouco. Falta pouco desde o princípio.","The Feast Steward, who assures you it is not far now. It has not been far since the start.",o habitante — §77,,Regra 2 da §77: cumpre a lei e nunca a justifica.
CHAPTER_HOUSE_THAT_COUNTS,A Casa Que Conta,The House That Counts,nome de capítulo — §77,40,"Nome provisório (§04, §36)."
CHAPTER_LAW_HOUSE_THAT_COUNTS,"A Contadeira conta tudo o que passa. À terceira vez que passares, fica com um nome teu. Se à primeira contagem lhe deres um nome de livre vontade, ela diz-te a massa exata da Podridão, todas as noites, até ao fim da partida.","The Counting Woman counts everything that passes. On your third crossing she keeps a name of yours. Give her one freely at the first count and she tells you the Rot's exact mass, every night, to the end of the run.","a lei do capítulo, numa frase — §77",,"Regra 1 da §77: uma lei. Se precisar de duas, são dois capítulos."
CHAPTER_WHO_HOUSE_THAT_COUNTS,"A Contadeira. Enquanto fala contigo continua a contar, em voz baixa, por cima do que estás a dizer.","The Counting Woman. While she speaks to you she keeps counting, under her breath, over whatever you are saying.",o habitante — §77,,Regra 2 da §77: cumpre a lei e nunca a justifica.
CHAPTER_INVERTED_FLOODPLAIN,A Várzea Invertida,The Inverted Floodplain,nome de capítulo — §77,40,"Nome provisório (§04, §36)."
CHAPTER_LAW_INVERTED_FLOODPLAIN,"As faixas trocam. A faixa aérea anda-se, a superfície voa-se, e a Podridão chega por cima — o Lume fica por baixo de ti.","The bands swap. The air band is walked, the surface is flown, and the Rot arrives from above — the Lume burns below you.","a lei do capítulo, numa frase — §77",,"Regra 1 da §77: uma lei. Se precisar de duas, são dois capítulos."
CHAPTER_WHO_INVERTED_FLOODPLAIN,"Uma moura encantada, de cabeça para baixo no fundo de um poço que está no céu, que pergunta pelas horas.","An enchanted moura, upside down at the bottom of a well that is in the sky, asking for the time.",o habitante — §77,,Regra 2 da §77: cumpre a lei e nunca a justifica.
CHAPTER_BLIND_FURROW,O Sulco Cego,The Blind Furrow,nome de capítulo — §77,40,"Nome provisório (§04, §36)."
CHAPTER_LAW_BLIND_FURROW,"Não há luz. Só o Cavaleiro Selado se orienta, porque já não usava os olhos. Qualquer luz que leves revela 60 px à tua volta e acrescenta +30 à massa desta noite — o que te vê também vê a luz.","There is no light. Only the Sealed Knight finds his way, because he had stopped using his eyes. Any light you carry reveals 60 px around you and adds +30 to tonight's mass — whatever sees you sees the light too.","a lei do capítulo, numa frase — §77",,"Regra 1 da §77: uma lei. Se precisar de duas, são dois capítulos."
CHAPTER_WHO_BLIND_FURROW,Pessoas a conversar a trinta metros. Nunca se chega a trinta metros.,People talking thirty metres away. You never get to thirty metres.,o habitante — §77,,Regra 2 da §77: cumpre a lei e nunca a justifica.
CHAPTER_LIT_OVEN,O Forno Aceso,The Lit Oven,nome de capítulo — §77,40,"Nome provisório (§04, §36)."
CHAPTER_LAW_LIT_OVEN,"Qualquer tropa que durma aqui cura por completo e sai com uma brasa no peito. Arde seis dias. Ao sétimo, se estiver fora das tuas muralhas, cria raiz onde estiver.","Any troop that sleeps here heals completely and leaves with an ember in its chest. It burns for six days. On the seventh, if it stands outside your walls, it takes root there.","a lei do capítulo, numa frase — §77",,"Regra 1 da §77: uma lei. Se precisar de duas, são dois capítulos."
CHAPTER_WHO_LIT_OVEN,"Um padeiro que não tem cara, porque a cara é a boca do forno.","A baker with no face, because the face is the mouth of the oven.",o habitante — §77,,Regra 2 da §77: cumpre a lei e nunca a justifica.
CHAPTER_BONE_MARKET,O Mercado dos Ossos,The Bone Market,nome de capítulo — §77,40,"Nome provisório (§04, §36)."
CHAPTER_LAW_BONE_MARKET,"Mercenários a metade do preço, dívida ao dobro do juro. Não se sai da praça com dívida por pagar — o portão não abre.","Mercenaries at half price, debt at twice the interest. No one leaves the square with debt unpaid — the gate does not open.","a lei do capítulo, numa frase — §77",,"Regra 1 da §77: uma lei. Se precisar de duas, são dois capítulos."
CHAPTER_WHO_BONE_MARKET,"Os últimos donos da mercadoria, ainda de pé nas bancas, à espera de serem pagos. São sete.","The last owners of the goods, still standing at their stalls, waiting to be paid. There are seven.",o habitante — §77,,Regra 2 da §77: cumpre a lei e nunca a justifica.
CHAPTER_SPORE_FIELD,O Campo de Esporos,The Spore Field,nome de capítulo — §77,40,"Nome provisório (§04, §36)."
CHAPTER_LAW_SPORE_FIELD,As tropas ganham 20% de dano e perdem 15% de vida por dia enquanto lá estiverem.,Troops gain 20% damage and lose 15% health per day for as long as they stay.,"a lei do capítulo, numa frase — §77",,"Regra 1 da §77: uma lei. Se precisar de duas, são dois capítulos."
CHAPTER_WHO_SPORE_FIELD,"A cidade Sob-Raiz por baixo, intacta, e as pessoas ainda lá a trabalhar. Ninguém lá em baixo pede ajuda.","The Under-Root city below, intact, and the people still working in it. No one down there asks for help.",o habitante — §77,,Regra 2 da §77: cumpre a lei e nunca a justifica.
CHAPTER_BRIDGE_OF_RETURNERS,A Ponte dos Que Voltaram,The Bridge of Those Who Came Back,nome de capítulo — §77,40,"Nome provisório (§04, §36)."
CHAPTER_LAW_BRIDGE_OF_RETURNERS,"Atravessar custa uma memória — uma região revelada do mapa volta a ficar escura, à sorte. Voltar atrás devolve-a. À sexta travessia, a ponte dá-te um nome e um segmento da tua muralha muda de material sozinho.","Crossing costs a memory — a revealed region of the map goes dark again, at random. Going back returns it. On the sixth crossing the bridge gives you a name, and one segment of your wall changes material on its own.","a lei do capítulo, numa frase — §77",,"Regra 1 da §77: uma lei. Se precisar de duas, são dois capítulos."
CHAPTER_WHO_BRIDGE_OF_RETURNERS,O guarda do registo de travessias. Há pegadas no sentido contrário e nunca ninguém vem de lá.,The keeper of the crossing register. There are footprints going the other way and no one ever comes from there.,o habitante — §77,,Regra 2 da §77: cumpre a lei e nunca a justifica.
CHAPTER_ENDLESS_SIEGE,O Cerco Que Não Acaba,The Siege That Does Not End,nome de capítulo — §77,40,"Nome provisório (§04, §36)."
CHAPTER_LAW_ENDLESS_SIEGE,"Entras e ficas numa noite que não acaba. Só termina de duas maneiras: partes a muralha, ou abres o portão por dentro.","You enter and stay in a night that does not end. It finishes in two ways only: you break the wall, or you open the gate from inside.","a lei do capítulo, numa frase — §77",,"Regra 1 da §77: uma lei. Se precisar de duas, são dois capítulos."
CHAPTER_WHO_ENDLESS_SIEGE,"Um rei que não manda parar o cerco, porque no dia em que mandar tem de contar os mortos.","A king who does not call off the siege, because the day he does he has to count the dead.",o habitante — §77,,Regra 2 da §77: cumpre a lei e nunca a justifica.
AMARGUEIRO_FELL,Cortar,Fell,destino de um Amargueiro — §74,20,
AMARGUEIRO_CONSECRATE,Consagrar,Consecrate,destino de um Amargueiro — §74,20,
AMARGUEIRO_LEAVE,Deixar,Leave,destino de um Amargueiro — §74,20,
CREATURE_TENDER,Zelador,Tender,nome de conteúdo — creature,24,"Nasce da Dívida da Candeia ≥ 6. Não ataca, não morre: afasta-se."
GUIDE_WORKER,"RECRUTA UM TRABALHADOR
Larga uma moeda junto de um vagabundo","RECRUIT A WORKER
Drop a coin beside a vagrant",guia contextual de jogo,160,
GUIDE_HUNTER,"FORMA UM ARQUEIRO
Recruta um vagabundo e paga o arco na banca","TRAIN AN ARCHER
Recruit a vagrant and buy a bow at the rack",guia contextual de jogo,160,
GUIDE_FARM,"CRIA RENDA
Os arqueiros caçam nos prados; recolhe as moedas","GROW YOUR INCOME
Archers hunt in the meadows; collect their coins",guia contextual de jogo,160,ADR 0062: a caca fica fora da Clareira.
GUIDE_WALL,"PREPARA A DEFESA
Ergue uma muralha antes da noite","PREPARE YOUR DEFENCE
Build a wall before nightfall",guia contextual de jogo,160,
GUIDE_EXPLORE,"EXPANDE O REINO
Reforça o outro flanco e explora","EXPAND YOUR KINGDOM
Reinforce the other flank and explore",guia contextual de jogo,160,
CONTEXT_PASSAGE,PASSAGEM · {assume} para mudar de faixa,PASSAGE · {assume} to change layer,guia contextual de jogo,160,
CONTEXT_BUILDING,"{name} · Obra paga
O trabalhador vem construir; podes explorar","{name} · Construction funded
A worker is on the way; you can explore",guia contextual de jogo,160,
CONTEXT_WALL,"{name} · Nível {level} · {cost} moedas · {path}
{assume} escolher caminho · {drop} investir","{name} · Level {level} · {cost} coins · {path}
{assume} choose path · {drop} invest",guia contextual de jogo,160,
PATH_GARRISON,Guarnição: mais postos,Garrison: more posts,guia contextual de jogo,160,
PATH_FORTIFY,Fortificação: mais resistência,Fortification: more health,guia contextual de jogo,160,
CONTEXT_BUILD,"{name} · Faltam {cost} moedas
{drop} investir · manter para largar em sequência","{name} · {cost} coins remaining
{drop} invest · hold to drop continuously",guia contextual de jogo,160,
CONTEXT_DONE,{name} · Em funcionamento,{name} · Operational,guia contextual de jogo,160,
CONTEXT_WARD,"{name} · Carga {charge}/{max}: afasta o Zelador
{drop} carregar","{name} · Charge {charge}/{max}: keeps the Tender away
{drop} recharge",guia contextual de jogo,160,§75; Q-100
CONTEXT_SEALED,"{name} · A boca está fechada
{assume} desmontar a escora: a boca abre","{name} · The mouth is shut
{assume} take the shoring down: the mouth opens",guia contextual de jogo,160,Q-138
CONTEXT_SQUIRE,"Escudeiro · Escudo {shield}/{max}
{assume} dar-lhe uma moeda","Squire · Shield {shield}/{max}
{assume} give him a coin",guia contextual de jogo,160,§08; Q-114
CONTEXT_LUME,O Lume · {assume} apagá-lo: a Podridão não volta a nascer,The Lume · {assume} put it out: the Rot will not rise again,guia contextual de jogo,160,§74; Q-156
LUME_NOT_HERE,O Lume arde na borda de onde a Podridão nasce,The Lume burns at the edge where the Rot is born,guia contextual de jogo,160,Q-156
LUME_NEEDS_DAY,O Lume · Só se apaga de dia,The Lume · It can only be put out by day,guia contextual de jogo,160,Q-156
LUME_NEEDS_LIGHTHOUSE,O Lume · Só se apaga com um farol teu de pé,The Lume · It needs one of your lighthouses standing,guia contextual de jogo,160,Q-156
LUME_NEEDS_LOW_DEBT,O Lume · Deves-lhe demasiado para o apagar,The Lume · You owe it too much to put it out,guia contextual de jogo,160,Q-156; a Dívida da Candeia acima do limiar da União
CONTEXT_LOCKED,{name} · Requer conquista ou Lenho Amargo,{name} · Requires conquest or Bitter Wood,guia contextual de jogo,160,
CONTEXT_RECRUIT,"{name} · Faltam {cost} moedas
{drop} largar para recrutar","{name} · {cost} coins remaining
{drop} to recruit",guia contextual de jogo,160,
CONTEXT_WALL_NAME,Muralha,Wall,guia contextual de jogo,160,
CONTEXT_SITE,Obra,Construction,guia contextual de jogo,160,
GUIDE_REPAIR,"REPARA A DEFESA
Larga moedas na muralha tocada antes da noite","REPAIR YOUR DEFENCE
Drop coins on the damaged wall before nightfall",guia contextual de jogo,160,Q-108
CONTEXT_REPAIR,"{name} · Danificada · faltam {cost} moedas
{drop} pagar a reparação","{name} · Damaged · {cost} coins remaining
{drop} fund the repair",guia contextual de jogo,160,Q-108
CONTEXT_REPAIRING,"{name} · Reparação paga
O trabalhador vem reparar; de dia","{name} · Repair funded
A worker is on the way; by day",guia contextual de jogo,160,Q-108
CONTEXT_TRAIN,"{name} · Treinar {craft}: faltam {cost} moedas
{drop} pagar o treino · um trabalhador teu entra por um dia","{name} · Train a {craft}: {cost} coins remaining
{drop} fund the training · a worker of yours goes in for a day",guia contextual de jogo,160,§09 §10
CONTEXT_TRAINING,"{name} · A formar um {craft}
Sai amanhã a esta hora","{name} · Training a {craft}
Out by this time tomorrow",guia contextual de jogo,160,§09 §10
CONTEXT_TRAIN_NOBODY,"{name} · Forma {craft}
Precisa de um trabalhador teu por perto","{name} · Trains a {craft}
Needs a worker of yours nearby",guia contextual de jogo,160,§09 §10
TOAST_PROMOTED,Um ofício novo no reino,A new craftsman joins your realm,aviso do HUD: treino acabado,40,§09
TOAST_IMPULSE,Impulso real: hoje tem um preço,Royal impulse: today has a price,aviso do HUD: impulso usado,40,§15
TOAST_IMPULSE_NEEDS_KING,{name}: é preciso o rei de pé,{name}: the king must be standing,aviso do HUD: impulso recusado (Q-113),48,
TOAST_IMPULSE_NOT_YET,{name}: ainda não há onde isto pegue no reino,{name}: nothing in the kingdom for this to take hold of yet,aviso do HUD: impulso recusado (Q-113) — o sistema por trás ainda não existe,64,
TOAST_IMPULSE_USED_TODAY,{name}: já decretaste um impulso hoje,{name}: you already decreed one today,aviso do HUD: impulso recusado (Q-113),64,
TOAST_IMPULSE_NEEDS_COINS,{name}: custa {cost} moedas no saco do rei,{name}: costs {cost} coins in the king's purse,aviso do HUD: impulso recusado (Q-113),56,
CONTEXT_CONVERT_COIN,"{name} · Vende {material} a +{bonus}%
{assume} mandar o {craft}: {effect}","{name} · Sells {material} at +{bonus}%
{assume} send the {craft}: {effect}",guia contextual de jogo,160,§06 circuito 2; Q-112; Q-115: escolhe-se com o Verbo 2
CONTEXT_CONVERT_CAPACITY,"{name} · O {craft} converte: {effect}
{assume} voltar a vender a +{bonus}%","{name} · The {craft} converts: {effect}
{assume} go back to selling at +{bonus}%",guia contextual de jogo,160,§06 circuito 2; Q-112; Q-115: escolhe-se com o Verbo 2
CONTEXT_CONVERT_NOBODY,"{name} · Vende {material} a +{bonus}%
Com um {craft} teu: {effect}","{name} · Sells {material} at +{bonus}%
With a {craft} of yours: {effect}",guia contextual de jogo,160,§06 circuito 2; Q-112
CONTEXT_CONVERT_WANTS_CRAFT,"{name} · Sem {craft} teu, vende {material} a +{bonus}%
{effect} volta com um {craft} · {assume} só vender","{name} · No {craft} of yours: sells {material} at +{bonus}%
{effect} returns with a {craft} · {assume} just sell",guia contextual de jogo,160,§06 circuito 2; Q-112; Q-115: escolhe-se com o Verbo 2; o modo capacidade escolhido sem o ofício
CONTEXT_CONVERT_WAITING,"{name} · O {craft} tem de estar cá e ter {material}: {effect} ainda sem efeito
{assume} voltar a vender a +{bonus}%","{name} · The {craft} must be here, with {material}: {effect} not yet in effect
{assume} go back to selling at +{bonus}%",guia contextual de jogo,160,§06 circuito 2; Q-112; Q-115: escolhe-se com o Verbo 2; escolhido e com ofício mas a fase ainda não deu a capacidade: falta o ofício na casa ou a matéria (Q-145)
CONTEXT_EVOLVE,"{name} · {drop} evoluir o Monarca
+{pct}% de defesa a todas as tuas tropas · {seeds} Semente Real","{name} · {drop} evolve the Monarch
+{pct}% defence for all your troops · {seeds} Royal Seed",guia contextual de jogo,160,§08: a evolução da classe; o gesto é a Q-114
CAPACITY_TROOP_HEALTH,+{pct}% de vida às tropas,+{pct}% health for your troops,capacidade do §06,40,crafts.csv
CAPACITY_TROOP_SPEED,+{pct}% de passo às tropas,+{pct}% speed for your troops,capacidade do §06,40,crafts.csv
CAPACITY_COMBAT_DISH,prato de combate,a combat dish,capacidade do §06,40,crafts.csv
CAPACITY_WALL_AND_TOWER_COST,−{pct}% no custo de muralhas e torres,−{pct}% wall and tower cost,capacidade do §06,40,crafts.csv
CAPACITY_WEAPON_LEVEL,+1 nível de arma,+1 weapon level,capacidade do §06,40,crafts.csv
GUIDE_ROT_COMING,"A NOITE VEM DE {side}
Leva a gente e as moedas para esse lado","THE NIGHT COMES FROM THE {side}
Take your people and coins to that side",guia contextual de jogo: a tarde diz o lado (Q-125),160,AUD-03
GUIDE_ROT_COMING_DEEP,"NOITE FUNDA A {side}
Mais escura do que as outras: prepara-te","A DEEP NIGHT FROM THE {side}
Darker than the others: be ready",guia contextual de jogo: a noite de pico (Q-126),160,AUD-03
GUIDE_ROT_FED,"ALIMENTA A PODRIDÃO
Moedas largadas dentro da mancha tiram-lhe massa","FEED THE ROT
Coins dropped inside the stain take away its mass",guia contextual de jogo: o sacrifício do §05 (Q-127),160,AUD-03
SIDE_WEST,OESTE,WEST,lado da região (esquerda),8,AUD-03
SIDE_EAST,LESTE,EAST,lado da região (direita),8,AUD-03
CAPTION_ROT_FED,[A mancha engole o sacrifício],[The stain takes the offering],legenda de som (§26); o sacrifício do §05 (Q-127),32,AUD-03
CAPTION_UNIT_LEFT,"[Sem soldo, alguém partiu]","[Unpaid, someone left]",legenda de som (§26); a manutenção (Q-124),32,AUD-03
BUILDING_PASSAGE_SEAL,Escora,Shoring,nome de conteúdo — building,24,AUD-04 (Q-132)
BUILDING_TENDER_WARD,Sino de Vigia,Warding Bell,nome de conteúdo — building (Q-100),24,
CONTEXT_PASSAGE_SEAL,"PASSAGEM · {assume} para mudar de faixa
{drop} escora-a: fechada ao Cavador e a ti · {cost}","PASSAGE · {assume} to change layer
{drop} shore it: closed to the Burrower and to you · {cost}",guia contextual de jogo: a boca de uma passagem por escorar (Q-132),160,AUD-04
GUIDE_CLIMB,"SOBE ANTES DA NOITE
O Cavador passa por baixo e lá em cima precisam de ti","CLIMB BEFORE NIGHTFALL
The Burrower comes from below and you are needed above",guia contextual de jogo: o rei no subsolo à tarde (P-I),160,AUD-04
CAPTION_CHICKENS_STOLEN,[Levaram galinhas],[Chickens taken],legenda de som (§26); o Alado que chegou vivo à alvorada (Q-129),32,AUD-04
UI_LEGACY,"Fica: {slots} obras, {seeds} Sementes Reais, {found} segredos","Kept: {slots} buildings, {seeds} Royal Seeds, {found} secrets",derrota (§16): o que o jogo novo herda (Q-134),64,AUD-05
GUIDE_CROWN,"A COROA CAIU
recupera-a antes da alvorada","THE CROWN HAS FALLEN
recover it before dawn",guia contextual de jogo: o rei caído com a coroa no chão (Q-167),160,"Q-167: se uma criatura a levar, o rei morre; se ninguém a levar até à alvorada, ou se a apanhares, levanta-se."
GUIDE_ARROWS,"AS ALJAVAS ESVAZIAM
levanta a banca do arco: repõe-as na alvorada","QUIVERS ARE EMPTYING
raise the bow rack: it refills them at dawn",guia contextual de jogo: as flechas das tropas (Q-163),160,"Q-163: cada tiro de uma tropa gasta uma flecha; a banca do arco de pé repõe as aljavas na alvorada, a moedas do saco do rei."
GUIDE_HEIR,"O REI CAIU
O herdeiro assume a coroa ao amanhecer","THE KING HAS FALLEN
The heir takes the crown at dawn",guia contextual de jogo: a sucessão (§16),160,AUD-05 (Q-133)
CONTEXT_HEIR,"{name} · herdeiro {days}/{total} dias
{cost} moedas do teu saco a cada alvorada","{name} · heir {days}/{total} days
{cost} coins from your purse each dawn",guia contextual de jogo: a casa do herdeiro (§15),160,AUD-05 (Q-133)
CONTEXT_HEIR_READY,"{name} · herdeiro formado
Se o rei cair, ele assume ao amanhecer","{name} · heir trained
If the king falls, the heir rules at dawn",guia contextual de jogo: a casa do herdeiro (§15),160,AUD-05 (Q-133)
EPILOGUE_SHIFT,O Turno,The Shift,epílogo (§79),16,AUD-05: o terceiro final da ADR 0018 não tinha nome escrito
UI_CROSSED,A região está atravessada,The Region Is Crossed,travessia (P-K): a região acabou (Q-135),32,AUD-05
UI_CAMPAIGN_END,Fim da campanha · {epilogue},End of the Campaign · {epilogue},travessia da última região: o epílogo (§79),40,AUD-05
GUIDE_CROSS,"A MARCHA PODE SAIR
Na bifurcação a leste, manda os teus conquistar o povo seguinte","THE MARCH CAN LEAVE
At the fork to the east, send your people to conquer the next folk",guia contextual de jogo: a marcha (§13),160,"Q-146, Q-103 (ADR 0035)"
CONTEXT_CROSS,"BIFURCAÇÃO · {assume} mandar os teus que estão perto; tu ficas
{people}: fortaleza a {left}/{full}, esta marcha tira {hit}","FORK · {assume} send your people nearby; you stay
{people}: fortress at {left}/{full}, this march takes {hit}",guia contextual de jogo: a marcha e o reconhecimento da fortaleza (§13),160,"Q-146, Q-154 (ADR 0035); Q-166: o reconhecimento do §13 — a firmeza que sobra à fortaleza seguinte e o que os que estão perto lhe tiram"
CONTEXT_CROSS_LOCKED,"BIFURCAÇÃO · a marcha sai no dia {day}
Aguenta até lá","FORK · the march leaves on day {day}
Hold out until then",guia contextual de jogo: a marcha (§13),160,Q-146 (ADR 0035)
MARCH_AWAY,"BIFURCAÇÃO · A marcha está fora
Volta ao amanhecer","FORK · The march is away
It returns at dawn",guia contextual de jogo: a marcha (§13),160,Q-146
MARCH_NOBODY_LEFT,BIFURCAÇÃO · Todos os povos te pagam tributo,FORK · Every folk pays you tribute,guia contextual de jogo: a marcha (§13),160,Q-103
MARCH_TOO_FEW,"BIFURCAÇÃO · Para marchar, traz pelo menos três dos teus
Construtores, arqueiros ou gente de armas","FORK · To march, bring at least three of yours
Builders, archers or men-at-arms",guia contextual de jogo: a marcha (§13),160,Q-154
UI_PARTY,Vão contigo: {party} dos teus e {purse} moedas,With you: {party} of your people and {purse} coins,travessia (P-K): a comitiva (Q-135),64,AUD-05
CONTEXT_VARIANT,"{name} · {variant}
{assume} trocar · {drop} construir: faltam {cost}","{name} · {variant}
{assume} switch · {drop} build: {cost} to go",guia contextual de jogo: a variante da melhoria (P-N),160,AUD-05 (Q-136)
VARIANT_ARCHER_TOWER_A,alcance (+40%),range (+40%),variante da torre de arqueiros (Q-136),24,AUD-05
VARIANT_ARCHER_TOWER_B,cadência (um terço mais tiros),cadence (a third more shots),variante da torre de arqueiros (Q-136),32,AUD-05
VARIANT_FARM_A,renda,yield,variante do canteiro (Q-136),24,AUD-05
VARIANT_FARM_B,"resguardo (o rasto não o para, rende 75%)","sheltered (the trail spares it, 75% yield)",variante do canteiro (Q-136),48,AUD-05
UI_LEGACY_FAILED,O que fica não se gravou: os saves desta partida continuam onde estavam,What remains could not be saved: this run's saves are still where they were,fim da partida: o legado não se escreveu (CONT-01),96,CONT-01
UI_CROSSING_MEMORY,"Levas a dívida ({debt}), {peoples} povos na memória e {heir} dias de treino do herdeiro; as obras ficam","You carry the debt ({debt}), {peoples} peoples in memory and {heir} days of heir training; the buildings stay",travessia (P-K): o que a campanha leva (Q-143),112,CONT-02
UI_FRESH_START,Recomeçar do zero…,Start Over…,pausa: apaga os saves e o legado; as opções ficam (Q-164),24,Q-164
UI_FRESH_START_ASK,Recomeçar do zero apaga esta partida (dia {day}) e o legado — {seeds} Sementes Reais e {found} segredos. As opções ficam como estão.,Starting over erases this run (day {day}) and the legacy — {seeds} Royal Seeds and {found} secrets. Your options stay as they are.,pausa: a pergunta antes de apagar (Q-164),160,Q-164
UI_FRESH_START_CONFIRM,Apagar tudo e recomeçar,Erase Everything and Start Over,pausa: confirmar o recomeço do zero (Q-164),32,Q-164
UI_CANCEL,Cancelar,Cancel,pausa: voltar sem apagar (Q-164),16,Q-164
UI_FRESH_START_FAILED,Não foi possível apagar tudo: nada foi apagado nem recomeçou.,Could not erase everything: nothing was erased or restarted.,pausa: o recomeço do zero falhou e voltou tudo ao sítio (Q-164),72,Q-164
BUILDING_BOW_RACK,Banca do Arco,Bow Rack,nome de conteúdo — building (Q-165),24,Q-165
CONTEXT_LAND,{people} · terra deles; a fortaleza fica na ponta,{people} · their land; the fortress stands at the far end,guia contextual de jogo: a terra de outro povo (Q-173),160,Q-173
CONTEXT_LAND_VASSAL,{people} · terra de vassalos teus,{people} · land of your vassals,guia contextual de jogo: a terra de um povo vassalo (Q-173),160,Q-173
CONTEXT_EDGE,O FIM DO MUNDO · {edge}: daqui não se passa,THE END OF THE WORLD · {edge}: there is no way on,guia contextual de jogo: a borda do mundo (Q-173),160,Q-173
UI_WHEEL_KING_ONLY,Só o rei abre a roda.,Only the king opens the wheel.,painel: a roda do rei com uma classe assumida (§24),48,"§24: «Só com o monarca assumido. É o corpo dele, não um menu.»"
EDGE_SEA,o mar,the sea,guia contextual de jogo: a borda do mundo (Q-173),24,Q-173
EDGE_CLIFF,a falésia,the cliff,guia contextual de jogo: a borda do mundo (Q-173),24,Q-173
EDGE_GORGE,o desfiladeiro,the gorge,guia contextual de jogo: a borda do mundo (Q-173),24,Q-173
EDGE_WALL,a muralha de rocha,the rock wall,guia contextual de jogo: a borda do mundo (Q-173),24,Q-173
UI_MENU_TITLE,Empire,Empire,nome do jogo na pausa,16,UX-01
UI_MENU_GAME,Jogo,Game,separador das opcoes,16,UX-01
UI_MENU_BACK,Voltar,Back,voltar a pausa,16,UX-01
UI_MENU_OPTIONS_SAVED,As alterações são aplicadas e guardadas automaticamente.,Changes apply and save automatically.,rodape das opcoes,96,UX-01
UI_MENU_HINT,Setas escolher · Enter confirmar · Esc voltar,Arrows choose · Enter confirm · Esc back,navegacao da pausa com teclado,96,UX-01
UI_MENU_EXIT_WEB,Voltar ao início,Return to Home,sair do jogo Web para a pagina inicial,24,UX-01
UI_MENU_SAVE_DAY,O progresso é guardado antes de sair.,Progress is saved before leaving.,sair durante o dia,80,UX-01
UI_MENU_SAVE_NIGHT,"À noite, retomas a última gravação ao voltar.","At night, returning resumes your last save.",sair sem anunciar um save da noite,96,UX-01
UI_MENU_SAVE_FAILED,Não foi possível guardar. A partida continua aberta.,Could not save. Your game remains open.,falha de gravacao ao sair,96,UX-01
UI_MENU_HINT_PAD,D-pad escolher · {accept} confirmar · {cancel} voltar,D-pad choose · {accept} confirm · {cancel} back,navegacao da pausa com comando,96,UX-01
PAD_CIRCLE,círculo,circle,botao de voltar do comando PlayStation,16,UX-01
BUILDING_CITIZEN_HOUSE,Casa de cidadãos,Citizen house,Q-170,40,
BUILDING_ENRAMADOS_HOUSE,Casa · Enramados,House · Enramados,Q-174,60,
BUILDING_ENRAMADOS_WORK,Oficina · Enramados,Workshop · Enramados,Q-174,60,
BUILDING_ENRAMADOS_DEFENSE,Defesa · Enramados,Defense · Enramados,Q-174,60,
BUILDING_PORTUARIOS_HOUSE,Casa · Portuários,House · Portuários,Q-174,60,
BUILDING_PORTUARIOS_WORK,Oficina · Portuários,Workshop · Portuários,Q-174,60,
BUILDING_PORTUARIOS_DEFENSE,Defesa · Portuários,Defense · Portuários,Q-174,60,
BUILDING_FENDA_HOUSE,Casa · Fenda,House · Fenda,Q-174,60,
BUILDING_FENDA_WORK,Oficina · Fenda,Workshop · Fenda,Q-174,60,
BUILDING_FENDA_DEFENSE,Defesa · Fenda,Defense · Fenda,Q-174,60,
BUILDING_HORTA_HOUSE,Casa · Horta,House · Horta,Q-174,60,
BUILDING_HORTA_WORK,Oficina · Horta,Workshop · Horta,Q-174,60,
BUILDING_HORTA_DEFENSE,Defesa · Horta,Defense · Horta,Q-174,60,
BUILDING_FORNALHA_HOUSE,Casa · Fornalha,House · Fornalha,Q-174,60,
BUILDING_FORNALHA_WORK,Oficina · Fornalha,Workshop · Fornalha,Q-174,60,
BUILDING_FORNALHA_DEFENSE,Defesa · Fornalha,Defense · Fornalha,Q-174,60,
BUILDING_SOBRAIZ_HOUSE,Casa · SobRaiz,House · SobRaiz,Q-174,60,
BUILDING_SOBRAIZ_WORK,Oficina · SobRaiz,Workshop · SobRaiz,Q-174,60,
BUILDING_SOBRAIZ_DEFENSE,Defesa · SobRaiz,Defense · SobRaiz,Q-174,60,
BUILDING_GEADA_HOUSE,Casa · Geada,House · Geada,Q-174,60,
BUILDING_GEADA_WORK,Oficina · Geada,Workshop · Geada,Q-174,60,
BUILDING_GEADA_DEFENSE,Defesa · Geada,Defense · Geada,Q-174,60,
BUILDING_BRUMA_HOUSE,Casa · Bruma,House · Bruma,Q-174,60,
BUILDING_BRUMA_WORK,Oficina · Bruma,Workshop · Bruma,Q-174,60,
BUILDING_BRUMA_DEFENSE,Defesa · Bruma,Defense · Bruma,Q-174,60,
BUILDING_MERCENARY_HOUSE,Casa · Mercenários,House · Mercenários,Q-174,60,
BUILDING_MERCENARY_WORK,Oficina · Mercenários,Workshop · Mercenários,Q-174,60,
BUILDING_MERCENARY_DEFENSE,Defesa · Mercenários,Defense · Mercenários,Q-174,60,
TRAVEL_TITLE,Viajar com a classe,Travel with your class,ADR 0043,160,
TRAVEL_HINT,"De dia, para um reino conquistado com defesas de pé. O rei fica em casa.","By day, to a conquered realm with standing defenses. The king stays home.",ADR 0043,160,
TRAVEL_HOME,Voltar ao reino de casa,Return to your home realm,ADR 0043,160,
TRAVEL_CANCEL,Fechar,Close,ADR 0043,160,
SEASON_SPRING,Primavera,Spring,ADR 0043,160,
SEASON_SUMMER,Verão,Summer,ADR 0043,160,
SEASON_AUTUMN,Outono,Autumn,ADR 0043,160,
SEASON_WINTER,Inverno,Winter,ADR 0043,160,
HUD_SEASON,{season} · {days} dias,{season} · {days} days,ADR 0043,160,
GUIDE_WINTER,"No inverno os canteiros param. Pesca, galinhas e caça ainda rendem; o celeiro solta as reservas que guardaste.","In winter farms stop. Fish, hens and hunting still yield; the granary releases the reserves you stored.",ADR 0043,160,
GUIDE_TRAVEL,"Verbo 2: viajar para um reino conquistado, de dia. Abriga-te nas defesas dele à noite.",Verb 2: travel to a conquered realm by day. Shelter behind its defenses at night.,ADR 0043,160,
CLASS_BEGIN,Começar com {name},Begin as {name},classes — início e habilidades (§08),1200,
CLASS_STATUS,{name} · fase {phase} · feitos {feat}/{goal} · {action},{name} · phase {phase} · feats {feat}/{goal} · {action},classes — início e habilidades (§08),1200,
HINT_CHARM,encantar / promover,charm / promote,classes — início e habilidades (§08),1200,
HINT_ATTACK,atacar,attack,combate manual — ADR 0045,1200,
HINT_SKILL,habilidade,ability,combate manual — ADR 0045,1200,
KEY_ATTACK,F / ESQ.,F / LEFT,combate manual — ADR 0045,1200,
KEY_SKILL,R / DIR.,R / RIGHT,combate manual — ADR 0045,1200,
COMBAT_TITLE,Combate,Combat,combate manual — ADR 0045,1200,
COMBAT_READY,Pronto,Ready,combate manual — ADR 0045,1200,
COMBAT_RECOVERING,Recarga {seconds}s,Recovering {seconds}s,combate manual — ADR 0045,1200,
COMBAT_SWORD,Espada,Sword,combate manual — ADR 0045,1200,
COMBAT_ARROW,Disparar,Shoot,combate manual — ADR 0045,1200,
COMBAT_LUTE,Alaúde,Lute,combate manual — ADR 0045,1200,
COMBAT_MARK,Marcar,Mark,combate manual — ADR 0045,1200,
COMBAT_CHARM,Encantar,Charm,combate manual — ADR 0045,1200,
COMBAT_ATTACK_HELP,Ataca para o lado da mira. Mantém premido para repetir ao ritmo da arma. O risco no chão mostra o alcance.,Attack toward your aim. Hold to repeat at your weapon’s pace. The ground line shows your reach.,combate manual — ADR 0045,1200,
COMBAT_VIGIL_HELP,Vigília: as tropas não fogem esta noite. Custa moedas e deixa-as a 70% de vida amanhã. A tua aura de defesa permanece ativa.,Vigil: troops do not flee tonight. Costs coins and leaves them at 70% health tomorrow. Your defence aura remains active.,combate manual — ADR 0045,1200,
COMBAT_MARK_HELP,Marca um inimigo ao alcance: as tuas tropas concentram fogo nele. A marca não dispara a tua flecha.,Mark an enemy in reach: your troops focus fire on it. Marking does not fire your arrow.,combate manual — ADR 0045,1200,
COMBAT_CHARM_HELP,"Encanta uma criatura fraca ao alcance. Como Maestro, converte criaturas poderosas e promove a tropa para que apontares.","Charm a weak creature in reach. As Maestro, convert powerful creatures and promote the troop you aim at.",combate manual — ADR 0045,1200,
COMBAT_NO_ABILITY_TARGET,Sem alvo válido na tua faixa e ao alcance da habilidade.,No valid target within ability reach in your band.,combate manual — ADR 0045,1200,
COMBAT_SKILL_RECOVERING,O canto ainda está a recuperar.,Your song is still recovering.,combate manual — ADR 0045,1200,
COMBAT_MARKED,Alvo marcado: as tuas tropas concentram fogo.,Target marked: your troops focus fire.,combate manual — ADR 0045,1200,
COMBAT_CHARMED,Criatura encantada: luta agora por ti.,Creature charmed: it now fights for you.,combate manual — ADR 0045,1200,
COMBAT_PROMOTED,Tropa promovida.,Troop promoted.,combate manual — ADR 0045,1200,
TOUCH_STICK,ALAVANCA,STICK,controlos por toque (ADR 0047): a alavanca que anda,12,O nome dela na ajuda dos controlos e nos guias. Só para os lados: o mundo é uma linha (§11).
TOUCH_DROP,MOEDA,COIN,controlos por toque (ADR 0047): o botão do Verbo 1,12,Está escrito no botão e é o nome dele nos guias: «MOEDA evoluir o Monarca».
TOUCH_ASSUME,INTERAGIR,INTERACT,controlos por toque (ADR 0047): o botão do Verbo 2,12,Está escrito no botão e é o nome dele nos guias: «INTERAGIR dar-lhe uma moeda». O botão pulsa quando o guia o usa.
TOUCH_SKILL,HABILIDADE,ABILITY,controlos por toque (ADR 0047): o botão da habilidade da classe,12,"O botão diz a habilidade de quem se conduz (Vigília, Marcar, Encantar); isto é o nome geral, no painel de combate e na ajuda."
TOUCH_WHEEL,IMPULSOS,IMPULSES,controlos por toque (ADR 0047): a roda do rei,12,"Manter, arrastar até ao segmento e largar: o gesto do stick do §24."
TOUCH_PAUSE,PAUSA,PAUSE,controlos por toque (ADR 0047): o botão da pausa,12,O botão só tem o ícone; o nome é o da ajuda.
TOUCH_ATTACK,ATAQUE,ATTACK,controlos por toque (ADR 0047): o botão do ataque,12,"O botão diz a arma de quem se conduz (Espada, Disparar, Alaúde); isto é o nome geral."
TOUCH_FIX,FIXAR,PIN,controlos por toque (UX-03): prender a alavanca no sítio,12,"Solta, a alavanca nasce onde o polegar pousa e arrastar nunca mexe a câmara; fixa, fica no sítio e arrastar o resto do ecrã espreita."
TOUCH_RUN,CORRER,RUN,controlos por toque (adenda da ADR 0047): o interruptor de correr,12,"Tocado uma vez, quem anda corre até se tocar outra vez; aceso a ouro enquanto está ligado. Arrastar a ALAVANCA até ao fim continua a correr."
UI_MENU_TOUCH,Toque,Touch,separador das opções (ADR 0047),16,Só aparece onde há ecrã táctil.
OPT_TOUCH_SIZE,Tamanho dos controlos,Control size,opções de toque (ADR 0047),28,80 a 140%.
OPT_TOUCH_LEFT,Canhoto: alavanca à direita,Left-handed: stick on the right,opções de toque (ADR 0047),40,Espelha os lados; a pausa fica onde está.
OPT_TOUCH_HAPTICS,Vibrar ao tocar,Vibrate on touch,opções de toque (ADR 0047),28,Só o Android vibra no browser.
OPT_TOUCH_FIXED,Alavanca fixa: arrastar o ecrã espreita,Fixed stick: drag the screen to look around,opções de toque (UX-03),48,O mesmo que o botão FIXAR no ecrã.
UI_MENU_HINT_TOUCH,Toca para escolher · Voltar regressa,Tap to choose · Back returns,navegação da pausa ao toque (ADR 0047),96,
UI_TOUCH_HELP,"Pousa o polegar em qualquer sítio do lado da ALAVANCA e arrasta para andar; até ao fim, ou com CORRER aceso, corre. Toca em MOEDA para largar uma; mantém para largar em contínuo. Mantém IMPULSOS, arrasta até ao número e larga. FIXAR prende a ALAVANCA no sítio: só então arrastar o mundo espreita. Toca num bicho para apontar a habilidade do Arqueiro ou do Bardo.","Put your thumb anywhere on the STICK’s side and drag to walk; all the way, or with RUN lit, runs. Tap COIN to drop one; hold to keep dropping. Hold IMPULSES, drag to a number and let go. PIN holds the STICK in place: only then does dragging the world look around. Tap a creature to aim the Archer’s or the Bard’s ability.","ajuda dos controlos ao toque, na pausa (ADR 0047, UX-03 e o CORRER)",400,
UI_FULLSCREEN_ENTER,Ecrã inteiro,Full screen,"pausa, no browser (UX-03)",28,Esconde as barras do browser.
UI_FULLSCREEN_EXIT,Sair do ecrã inteiro,Exit full screen,"pausa, no browser (UX-03)",28,
UI_FULLSCREEN_IPHONE,"No iPhone, nenhum browser deixa uma página ocupar o ecrã inteiro. Para jogar sem barras, toca em Partilhar e depois em Adicionar ao ecrã principal, e abre o Empire de lá.","On iPhone, no browser lets a web page fill the screen. To play without the bars, tap Share, then Add to Home Screen, and open Empire from there.","pausa, no iPhone (UX-03)",240,O WebKit do iPhone não tem a Fullscreen API para páginas; a app no ecrã principal abre sem barras. Sem setas: a letra do jogo não tem o →.
UNIT_NIA,Nia,Nia,nome de conteúdo — unit,24,ADR 0052: a Imperatriz Nia
UNIT_ARCHER_EMPEROR,Imperador Arqueiro,Archer Emperor,nome de conteúdo — unit,24,ADR 0052
UNIT_BARD_BANNER,Bardo da bandeira,Banner Bard,nome de conteúdo — unit,24,"ADR 0052: o Bardo da Nia, com a bandeira às costas"
UNIT_QUIVER_SQUIRE,Escudeiro das flechas,Quiver Squire,nome de conteúdo — unit,24,ADR 0052; o nome «intendente de flechas» do plano fica para o dono (Q-200)
MONARCH_KING,Rei,King,nome de conteúdo — monarch,24,ADR 0052: o Rei guerreiro defensivo
MONARCH_NIA,Imperatriz Nia,Empress Nia,nome de conteúdo — monarch,24,ADR 0052
MONARCH_ARCHER_EMPEROR,Imperador Arqueiro,Archer Emperor,nome de conteúdo — monarch,24,ADR 0052
MONARCH_HEIR_KING,Herdeiro do Rei,Heir of the King,nome de conteúdo — monarch,24,Q-202: o herdeiro tem identidade própria
MONARCH_HEIR_NIA,Herdeira de Nia,Heir of Nia,nome de conteúdo — monarch,24,Q-202: a sucessora de Nia não se chama Nia
MONARCH_HEIR_ARCHER_EMPEROR,Herdeiro do Arqueiro,Heir of the Archer,nome de conteúdo — monarch,24,Q-202
MONARCH_HEIR_TITLE,{heir} · {n}.ª geração,{heir} · generation {n},monarcas — escolha e habilidades (ADR 0052),1200,
MONARCH_CHOOSE_TITLE,Quem governará o teu reino?,Who will rule your realm?,monarcas — escolha e habilidades (ADR 0052),1200,
MONARCH_CHOOSE_INTRO,"Escolhe o monarca. Cada um luta, governa e explora à sua maneira, e traz um companheiro que serve por moedas.","Choose your monarch. Each fights, rules and explores in their own way, and brings a companion who serves for coins.",monarcas — escolha e habilidades (ADR 0052),1200,
MONARCH_CHOOSE_RULE,"Todos governam, todos podem explorar e todos podem morrer. Só os imperadores se jogam: tropas, ofícios e companheiros seguem por IA. Paga ao teu companheiro com E / X ao pé dele.","Every monarch rules, every monarch may explore, and every monarch can die. Only emperors are played: troops, crafts and companions act on their own. Pay your companion with E / X beside them.",monarcas — escolha e habilidades (ADR 0052),1200,
MONARCH_CHOOSE_RULE_TOUCH,"Todos governam, todos podem explorar e todos podem morrer. Só os imperadores se jogam: tropas, ofícios e companheiros seguem por IA. Paga ao teu companheiro com INTERAGIR ao pé dele.","Every monarch rules, every monarch may explore, and every monarch can die. Only emperors are played: troops, crafts and companions act on their own. Pay your companion with INTERACT beside them.","monarcas — escolha e habilidades (ADR 0052), ao toque (ADR 0047)",1200,
MONARCH_ROLE_MONARCH,Protege a formação e governa perto da linha,Guards the line and rules near it,monarcas — escolha e habilidades (ADR 0052),1200,plano §6.1
MONARCH_ROLE_NIA,Luta rápido e paga o apoio do Bardo,Fights fast and pays for the Bard's support,monarcas — escolha e habilidades (ADR 0052),1200,plano §6.1
MONARCH_ROLE_ARCHER_EMPEROR,Ataca à distância e desgasta os alvos,Strikes from range and wears targets down,monarcas — escolha e habilidades (ADR 0052),1200,plano §6.1
MONARCH_COMPANION_MONARCH,COMPANHEIRO · O escudeiro: dá-lhe moedas para armar o escudo que te protege; com as moedas caídas de inimigos ganha uma espada.,COMPANION · The squire: give coins to arm the shield that protects you; with coins dropped by enemies they earn a sword.,monarcas — escolha e habilidades (ADR 0052),1200,Q-114
MONARCH_COMPANION_NIA,"COMPANHEIRO · O Bardo da bandeira: só canta vivo, perto de ti e pago — dá-lhe moedas, ou paga cada canto da tua bolsa.","COMPANION · The Banner Bard: sings only alive, beside you and paid — give coins, or pay each song from your purse.",monarcas — escolha e habilidades (ADR 0052),1200,Q-199
MONARCH_COMPANION_ARCHER_EMPEROR,"COMPANHEIRO · O escudeiro das flechas: vende-te flechas pelas moedas da tua bolsa. Sem moedas, não há flechas novas; as que levas continuam a servir.","COMPANION · The quiver squire: sells you arrows for coins from your purse. No coins, no new arrows; the ones you carry still serve.",monarcas — escolha e habilidades (ADR 0052),1200,o dono a 02/10/2026; Q-200
MONARCH_BASE_MONARCH,"BASE · Gordo e lento, golpe curto e fraco. As tropas ao teu redor recebem +{defense}% de defesa. A escolha mais segura, se o escudo estiver pago.","BASE · Heavy and slow, a short weak blow. Nearby troops gain +{defense}% defence. The safest choice, if the shield is paid.",monarcas — escolha e habilidades (ADR 0052),1200,
MONARCH_BASE_NIA,"BASE · Pequena e rápida: muitos golpes curtos de pouco dano. O teu Bardo encanta criaturas fracas, que lutam por ti por pouco tempo, ou incentiva os teus a andar mais depressa.","BASE · Small and fast: many short, light blows. Your Bard charms weak creatures to fight for you for a while, or spurs your people to move faster.",monarcas — escolha e habilidades (ADR 0052),1200,
MONARCH_BASE_ARCHER_EMPEROR,"BASE · Flechas de longo alcance, que às vezes fazem sangrar. Marcas um inimigo para as tuas tropas concentrarem fogo. A aljava acaba: cada disparo gasta uma flecha.",BASE · Long-range arrows that sometimes make the target bleed. Mark an enemy for your troops to focus fire. The quiver runs out: each shot spends an arrow.,monarcas — escolha e habilidades (ADR 0052),1200,
MONARCH_EVOLVED_MONARCH,EVOLUÇÃO · A defesa sobe para +{defense}% em todo o império e o escudeiro torna-se cavaleiro. Exige {seeds} Semente Real e {feat} noites defendidas em pessoa.,EVOLUTION · Defence rises to +{defense}% across the empire and the squire becomes a knight. Requires {seeds} Royal Seed and {feat} nights defended in person.,monarcas — escolha e habilidades (ADR 0052),1200,
MONARCH_EVOLVED_NIA,"EVOLUÇÃO · Depois de o teu Bardo converter {feat} criaturas contigo por perto, e de {seeds} Semente Real, ele torna-se Maestro: converte criaturas poderosas para sempre e promove as tuas tropas.","EVOLUTION · Once your Bard has converted {feat} creatures with you nearby, and with {seeds} Royal Seed, they become the Maestro: permanently converting powerful creatures and promoting your troops.",monarcas — escolha e habilidades (ADR 0052),1200,
MONARCH_EVOLVED_ARCHER_EMPEROR,EVOLUÇÃO · A flecha atravessa a coluna de inimigos à tua frente e a marca passa a abranger uma área. Exige {seeds} Semente Real e {feat} inimigos marcados abatidos.,EVOLUTION · Your arrow pierces the enemy column ahead and the mark covers an area. Requires {seeds} Royal Seed and {feat} marked enemies defeated.,monarcas — escolha e habilidades (ADR 0052),1200,
MONARCH_CONTROLS_MONARCH,Clique esquerdo / F / RB: espada · Botão direito / R / RT: Vigília (impulso pago). A aura de defesa é passiva · Tab / Y: outros impulsos · Espaço / A: moedas · E / X: interagir e pagar ao escudeiro.,Left click / F / RB: sword · Right click / R / RT: Vigil (paid impulse). The defence aura is passive · Tab / Y: other impulses · Space / A: coins · E / X: interact and pay the squire.,monarcas — escolha e habilidades (ADR 0052),1200,
MONARCH_CONTROLS_NIA,"Clique esquerdo / F / RB: golpe rápido (manter para repetir) · Botão direito / R / RT: o canto pago do Bardo — num inimigo encanta, nos teus incentiva; como Maestro, aponta a uma tropa para a promover · E / X ao pé do Bardo: dar-lhe uma moeda.","Left click / F / RB: quick strike (hold to repeat) · Right click / R / RT: the Bard's paid song — on an enemy it charms, on your people it spurs; as Maestro, aim at a troop to promote it · E / X beside the Bard: give a coin.",monarcas — escolha e habilidades (ADR 0052),1200,
MONARCH_CONTROLS_ARCHER_EMPEROR,Clique esquerdo / F / RB: disparar (manter para repetir) · Botão direito / R / RT: marcar. Mira com o rato ou vira-te com A/D · E / X ao pé do escudeiro: comprar flechas com uma moeda.,Left click / F / RB: shoot (hold to repeat) · Right click / R / RT: mark. Aim with the mouse or turn with A/D · E / X beside the squire: buy arrows for a coin.,monarcas — escolha e habilidades (ADR 0052),1200,
MONARCH_CONTROLS_TOUCH_MONARCH,"ESPADA: ataca para onde olhas; mantém para repetir · VIGÍLIA: o impulso pago, as tropas não fogem esta noite. A aura de defesa é passiva · IMPULSOS: os outros impulsos · MOEDA: largar · INTERAGIR: interagir e pagar ao escudeiro.","SWORD: strike where you face; hold to repeat · VIGIL: the paid impulse, troops do not flee tonight. The defence aura is passive · IMPULSES: the other impulses · COIN: drop · INTERACT: interact and pay the squire.","monarcas — escolha e habilidades (ADR 0052), ao toque (ADR 0047)",1200,
MONARCH_CONTROLS_TOUCH_NIA,"GOLPE: rápido, para onde olhas; mantém para repetir · CANTO: o Bardo canta pago — toca num bicho para o encantar, ou canta para os teus · INTERAGIR ao pé do Bardo: dar-lhe uma moeda.","STRIKE: quick, where you face; hold to repeat · SONG: the Bard sings for pay — tap a creature to charm it, or sing for your people · INTERACT beside the Bard: give a coin.","monarcas — escolha e habilidades (ADR 0052), ao toque (ADR 0047)",1200,
MONARCH_CONTROLS_TOUCH_ARCHER_EMPEROR,"DISPARAR: atira para onde olhas; mantém para repetir · MARCAR: o inimigo ao alcance, ou toca num bicho para o marcar · INTERAGIR ao pé do escudeiro: comprar flechas com uma moeda.","SHOOT: fire where you face; hold to repeat · MARK: the enemy in reach, or tap a creature to mark it · INTERACT beside the squire: buy arrows for a coin.","monarcas — escolha e habilidades (ADR 0052), ao toque (ADR 0047)",1200,
COMBAT_HATCHETS,Golpe rápido,Quick strike,"combate manual — ADR 0045, ADR 0052",1200,A arma curta da Nia (as machadinhas do plano são proposta de arte)
COMBAT_ROYAL_SONG,Canto pago,Paid song,"combate manual — ADR 0045, ADR 0052",1200,Q-199
COMBAT_ROYAL_SONG_HELP,"O teu Bardo canta para onde apontas, se estiver vivo, perto de ti e pago: num inimigo encanta, nos teus incentiva o passo; como Maestro converte criaturas poderosas e promove a tropa que apontares. Paga-se do orçamento dele e depois da tua bolsa.","Your Bard sings where you aim, if alive, beside you and paid: on an enemy it charms, on your people it spurs their pace; as Maestro it converts powerful creatures and promotes the troop you aim at. Paid from the Bard's budget, then your purse.","combate manual — ADR 0045, ADR 0052",1200,Q-199
COMBAT_BARD_AWAY,"O teu Bardo está longe, noutra faixa ou caído: quem canta é ele, não tu.","Your Bard is far away, in another band or fallen: the Bard sings, not you.","combate manual — ADR 0045, ADR 0052",1200,plano §4.2
COMBAT_BARD_LIMIT,O Bardo já tem os encantados que consegue: espera que um encanto acabe.,The Bard already holds as many charmed as possible: wait for a charm to end.,"combate manual — ADR 0045, ADR 0052",1200,Q-199
COMBAT_BARD_UNPAID,"Sem moedas para pagar o canto: dá-lhe moedas, ou traz a bolsa cheia.","No coins to pay for the song: give the Bard coins, or carry a fuller purse.","combate manual — ADR 0045, ADR 0052",1200,Q-199
COMBAT_ENCOURAGED,O Bardo incentivou os teus: andam mais depressa por uns segundos.,The Bard spurred your people: they move faster for a few seconds.,"combate manual — ADR 0045, ADR 0052",1200,Q-199
COMBAT_ARROWS,Flechas {left}/{max},Arrows {left}/{max},"combate manual — ADR 0045, ADR 0052",1200,Q-200
CONTEXT_BARD,"Bardo · Orçamento {budget}/{max}
{assume} dar-lhe uma moeda","Bard · Budget {budget}/{max}
{assume} give a coin",guia contextual de jogo,160,Q-199
CONTEXT_QUIVER,"Escudeiro das flechas · Aljava {left}/{max}
{assume} comprar {lot} flechas por uma moeda","Quiver squire · Quiver {left}/{max}
{assume} buy {lot} arrows for a coin",guia contextual de jogo,160,Q-200
CONTEXT_QUIVER_NO_COINS,"Escudeiro das flechas · Aljava {left}/{max}
Sem moedas na tua bolsa, não há flechas novas","Quiver squire · Quiver {left}/{max}
No coins in your purse, no new arrows",guia contextual de jogo,160,o dono a 02/10/2026; Q-200
CONTEXT_MONARCH_EVOLVE,"{name} · {drop} evoluir {monarch}
O feito está cumprido · {seeds} Semente Real","{name} · {drop} evolve {monarch}
The feat is complete · {seeds} Royal Seed",guia contextual de jogo,160,"ADR 0052: a Nia e o Arqueiro evoluem pelo Verbo 1 no núcleo, como o Rei"
REALM_STAGE_CLEARING,Clareira,Clearing,nome de conteúdo — estágio da sede (ADR 0059),24,ADR 0059
REALM_STAGE_ENCAMPMENT,Acampamento,Encampment,nome de conteúdo — estágio da sede (ADR 0059),24,ADR 0059
REALM_STAGE_HAMLET,Povoado,Hamlet,nome de conteúdo — estágio da sede (ADR 0059),24,ADR 0059
REALM_STAGE_VILLAGE,Vila,Village,nome de conteúdo — estágio da sede (ADR 0059),24,ADR 0059
REALM_STAGE_WALLED_VILLAGE,Vila Fortificada,Walled Village,nome de conteúdo — estágio da sede (ADR 0059),24,ADR 0059
REALM_STAGE_FORTRESS,Fortaleza,Fortress,nome de conteúdo — estágio da sede (ADR 0059),24,ADR 0059: o castelo-árvore de antes
CONTEXT_SEAT_FOUND,"{stage} · Acender a lareira: faltam {cost} moedas
{drop} fundar · surgem as bancas do arco e do martelo","{stage} · Light the hearth: {cost} coins remaining
{drop} found · the bow and hammer racks appear",guia contextual de jogo,160,ADR 0059; plano do reino §6.1 e §23.1
CONTEXT_SEAT_UPGRADE,"{stage} · Melhorar para {next}: faltam {cost} moedas
Abre: {opens}. Expande as muralhas para revelar as obras.","{stage} · Upgrade to {next}: {cost} coins remaining
Opens: {opens}. Expand your walls to reveal building sites.",guia contextual de jogo,160,ADR 0059; plano do reino §23.1: o benefício e o compromisso
CONTEXT_SEAT_BUILDING,"{stage} · A erguer: {next}
Quem está no marco levanta-a; até lá, serve o que já há","{stage} · Raising: {next}
Whoever stands at the marker builds it; until then, what you have still works",guia contextual de jogo,160,ADR 0059; plano do reino §16.3
CONTEXT_SEAT_TOP,{stage} · A sede mais alta por agora,{stage} · The highest seat for now,guia contextual de jogo,160,ADR 0059: a Capital entra com o RG-14
CONTEXT_SEAT_TO_MONARCH,{assume} a moeda para evoluir o monarca,{assume} send the coin to evolve the monarch,guia contextual de jogo,160,ADR 0059; plano do reino §23.2: o alvo da moeda no núcleo
CONTEXT_SEAT_TO_SEAT,{assume} a moeda volta para a sede,{assume} send the coin back to the seat,guia contextual de jogo,160,ADR 0059; plano do reino §23.2
CONTEXT_STAGE_LOCKED,{name} · Abre com a sede em {stage},{name} · Opens when the seat is a {stage},guia contextual de jogo,160,"ADR 0059; plano do reino §17.1: o motivo, e não só «bloqueado»"
GUIDE_FOUND,"FUNDA O REINO
acende a lareira","FOUND THE REALM
light the hearth",HUD: objectivo antes da fundação,40,ADR 0059. Duas linhas.

BUILDING_HAMMER_RACK,Banca do Martelo,Hammer Rack,nome de conteúdo — building,24,ADR 0060
GUIDE_BUILDER,"FORMA UM CONSTRUTOR
Paga o martelo na banca junto do acampamento","TRAIN A BUILDER
Buy a hammer at the rack beside the camp",guia contextual de jogo,160,ADR 0060
CONTEXT_TRAIN_CAP,"{name} · O primeiro construtor já está formado
A Casa de Treino forma os seguintes","{name} · The first builder is already trained
The Training House trains additional builders",guia contextual de jogo,160,ADR 0060
CONTEXT_WALL_BUILDER,"MURALHA · Precisas de um construtor
Recruta um vagabundo e compra o martelo na banca","WALL · A builder is required
Recruit a vagrant and buy a hammer at the rack",guia contextual de jogo,160,ADR 0063
CONTEXT_WALL_BUILDING,"{name} · Obra paga
O construtor vem construir; podes explorar","{name} · Construction funded
The builder is on the way; you can explore",guia contextual de jogo,160,ADR 0063
CONTEXT_WALL_WAITING,"{name} · Obra paga à espera de construtor
Compra um martelo para retomar a construção","{name} · Funded; waiting for a builder
Buy a hammer to resume construction",guia contextual de jogo,160,ADR 0063
CONTEXT_WALL_UPGRADE,"{name} · Nível {level} · Faltam {cost} moedas
{drop} investir; o construtor faz a melhoria","{name} · Level {level} · {cost} coins remaining
{drop} invest; the builder makes the upgrade",guia contextual de jogo,160,ADR 0063
CONTEXT_SEAT_NEW_WALLS,Nova linha de muralhas em cada flanco.,A new wall line on each flank.,guia contextual de expansão,80,ADR 0064
