id,display_key,people,category,cost,material,yield_per_day,spoil_per_day,requires_biome_feature,destroyed_by_rot_trail,job_slots,craft,tool_rack,max_health,contact_slots,build_work,width_px,upgrade_to,unique_per_kingdom,effect_params,variant_params,shadow_width,tags,_phase,_src,_proposed,_notes
core,BUILDING_CORE,neutral,core,0,,,,,false,0,,false,1000,7,0,480,,true,,,480,core|not_buildable,1,"§10 o núcleo — castelo-árvore; se cair, cai a partida; §07 faixa de contacto",width_px|shadow_width|contact_slots,"Não é construído nem destruído (§10): 1000 de vida mede quanto aguenta a partida, não um edifício. contact_slots 7 é o topo da escada do §10 — o Bastião —, a outra obra única por império: o núcleo é a maior do mapa (480 px) e a última. Sem a coluna nada o podia atacar (Q-076). Regra proposta: max_health = 8 × custo; build_work = 2 s × custo; shadow_width = largura (§22: a sombra escala com a largura)"
training_house,BUILDING_TRAINING_HOUSE,neutral,training,10,,,,,false,1,builder,false,80,,20,120,,true,,,120,priority_target,1,§10 Casa de Treino; §25 'reparável por 10 moedas',max_health|width_px|shadow_width|job_slots,"O custo 10 é o da reparação no minuto 8:30 (§25); assume-se igual para construção nova. Alvo prioritário dos reis inimigos a partir do dia 15 (§10, EconomyCurve). Regra proposta: max_health = 8 × custo; build_work = 2 s × custo; shadow_width = largura (§22: a sombra escala com a largura)"
forge,BUILDING_FORGE,neutral,craft,12,,,,,false,1,smith,false,96,,24,120,,false,,,120,warm_light,2,§09 Ferreiro: 15 + Forja; §22 os sete edifícios do ciclo de 10 dias,cost|max_health|width_px|shadow_width|job_slots,Forja (oficina do ferreiro) ≠ Fundição (casa de conversão do minério) — ver Q-008. Regra proposta: max_health = 8 × custo; build_work = 2 s × custo; shadow_width = largura (§22: a sombra escala com a largura)
kitchen,BUILDING_KITCHEN,neutral,craft,10,,,,,false,1,cook,false,80,,20,120,,false,,,120,warm_light,2,§09 Cozinheiro: 10 + Cozinha; §22 sete edifícios,cost|max_health|width_px|shadow_width|job_slots,Regra proposta: max_health = 8 × custo; build_work = 2 s × custo; shadow_width = largura (§22: a sombra escala com a largura)
embassy,BUILDING_EMBASSY,neutral,craft,20,,,,,false,1,diplomat,false,160,,40,120,,true,,,120,,6,§09 Diplomata: 20 + Embaixada,cost|max_health|width_px|shadow_width|job_slots,Regra proposta: max_health = 8 × custo; build_work = 2 s × custo; shadow_width = largura (§22: a sombra escala com a largura)
heir_house,BUILDING_HEIR_HOUSE,neutral,special,20,,,,,false,0,,false,160,,40,120,,true,,,120,,1,§15 Casa do Herdeiro: 10 dias a 5 moedas/dia,cost|max_health|width_px|shadow_width,Regra proposta: max_health = 8 × custo; build_work = 2 s × custo; shadow_width = largura (§22: a sombra escala com a largura)
root_sanctuary,BUILDING_ROOT_SANCTUARY,neutral,special,25,,,,,false,0,,false,200,,50,120,,true,,,120,,6,§16 Santuário das Raízes: ressurreição até ao amanhecer,cost|max_health|width_px|shadow_width,Regra proposta: max_health = 8 × custo; build_work = 2 s × custo; shadow_width = largura (§22: a sombra escala com a largura)
mount_stable,BUILDING_MOUNT_STABLE,neutral,special,20,,,,,false,0,,false,160,,40,120,,false,,,120,heals_mounts,1,"§12 'Cavalo de tração — Estábulo, 30 moedas'; Q-169 (o dono a 30/09/2026: o cavalo de tração como primeira montaria)",cost|max_health|width_px|shadow_width,"Separado do estábulo de vaca (§06) até decisão — Q-009. As 30 moedas são o preço do cavalo (mounts.csv). Regra proposta: max_health = 8 × custo; build_work = 2 s × custo; shadow_width = largura (§22: a sombra escala com a largura) Q-169: entra no jogo, a leste, no vão entre o sino e a bifurcação (src/world/stables.gd); a largura passa de 160 para 120, a da casa do herdeiro e do celeiro, porque é o que o vão da superfície deixa."
farm,BUILDING_FARM,neutral,production,4,grain,2,,,true,1,,false,32,,8,96,,false,,yield_mult:0.75|immune_to_rot_trail:1,96,field,1,§06 circuito 1: plantação (canteiro),max_health|width_px|shadow_width|job_slots|variant_params,"Regra proposta: max_health = 8 × custo; build_work = 2 s × custo; shadow_width = largura (§22: a sombra escala com a largura) AUD-05 (Q-136): a variante B, 'resguardo' — o rasto da Podridão não a arrasa nem a para, e rende 75%. A variante A é o canteiro de sempre."
fishery,BUILDING_FISHERY,neutral,production,6,fish,3,1,water,false,1,,false,48,,12,120,,false,,,120,immune_to_rot_trail,1,§06 circuito 1: pesqueiro,max_health|width_px|shadow_width|job_slots,"Regra proposta: max_health = 8 × custo; build_work = 2 s × custo; shadow_width = largura (§22: a sombra escala com a largura). spoil_per_day 1: o peixe que nenhuma Salga converte perde uma unidade por dia no pesqueiro (Q-012, decidida pelo dono a 28/09/2026); a Salga de pé acaba com o estrago (§06)."
henhouse,BUILDING_HENHOUSE,neutral,production,8,animal,3,,,false,0,,false,64,,16,96,,false,,,96,stealable_at_night,1,§06 circuito 1: galinheiro,max_health|width_px|shadow_width,'Galinhas roubáveis à noite' (§06). Regra proposta: max_health = 8 × custo; build_work = 2 s × custo; shadow_width = largura (§22: a sombra escala com a largura)
cow_stable,BUILDING_COW_STABLE,neutral,production,14,animal,5,,,false,1,,false,112,,28,160,,false,,,160,manual_milking,6,§06 circuito 1: estábulo de vaca,max_health|width_px|shadow_width,"'Ordenha manual — exige uma tropa parada' → job_slots 1, do dossiê. Regra proposta: max_health = 8 × custo; build_work = 2 s × custo; shadow_width = largura (§22: a sombra escala com a largura)"
lumber_camp,BUILDING_LUMBER_CAMP,neutral,production,7,wood,2,,forest,false,1,,false,56,,14,120,,false,,,120,,6,§06 circuito 1: corte de madeira,max_health|width_px|shadow_width|job_slots,Regra proposta: max_health = 8 × custo; build_work = 2 s × custo; shadow_width = largura (§22: a sombra escala com a largura)
ore_pit,BUILDING_ORE_PIT,neutral,production,12,ore,4,,rock,false,1,,false,96,,24,120,,false,,,120,attracts_burrowers,1,§06 circuito 1: poço de minério,max_health|width_px|shadow_width|job_slots,AUD-04 (Q-130): entra na Fase 1 nas cavidades do subsolo que são rocha. Regra proposta: max_health = 8 × custo; build_work = 2 s × custo; shadow_width = largura (§22: a sombra escala com a largura)
granary,BUILDING_GRANARY,neutral,conversion,10,,,,,false,0,cook,false,80,,20,120,,false,,,120,,2,§06 circuito 2: celeiro (grão),max_health|width_px|shadow_width,Regra proposta: max_health = 8 × custo; build_work = 2 s × custo; shadow_width = largura (§22: a sombra escala com a largura)
saltery,BUILDING_SALTERY,neutral,conversion,9,,,,,false,0,cook,false,72,,18,120,,false,,,120,stops_spoilage,6,§06 circuito 2: salga (peixe),max_health|width_px|shadow_width,Regra proposta: max_health = 8 × custo; build_work = 2 s × custo; shadow_width = largura (§22: a sombra escala com a largura)
pen,BUILDING_PEN,neutral,conversion,11,,,,,false,0,cook,false,88,,22,120,,false,,,120,,6,§06 circuito 2: curral (animal vivo),max_health|width_px|shadow_width,Regra proposta: max_health = 8 × custo; build_work = 2 s × custo; shadow_width = largura (§22: a sombra escala com a largura)
sawmill,BUILDING_SAWMILL,neutral,conversion,13,,,,,false,0,builder,false,104,,26,120,,false,,,120,,6,§06 circuito 2: serração (madeira),max_health|width_px|shadow_width,Regra proposta: max_health = 8 × custo; build_work = 2 s × custo; shadow_width = largura (§22: a sombra escala com a largura)
smelter,BUILDING_SMELTER,neutral,conversion,18,,,,,false,0,smith,false,144,,36,120,,false,,,120,,6,§06 circuito 2: fundição (minério),max_health|width_px|shadow_width,Regra proposta: max_health = 8 × custo; build_work = 2 s × custo; shadow_width = largura (§22: a sombra escala com a largura)
archer_tower,BUILDING_ARCHER_TOWER,neutral,defense,18,,,,,false,2,,false,144,,36,64,,false,posts:2|range_bonus:0.4|accuracy:1.0,range_bonus:0|cadence:0.75,64,tower|elevated,1,§10 torres e defesas,max_health|width_px|shadow_width|variant_params,"2 postos elevados, +40% alcance, precisão ≈100% — do dossiê. Regra proposta: max_health = 8 × custo; build_work = 2 s × custo; shadow_width = largura (§22: a sombra escala com a largura) AUD-05 (Q-136): a variante B, 'cadência' — sem os 40% de alcance, dispara com 75% do intervalo (um terço mais tiros). A variante A é a torre de sempre."
high_tower,BUILDING_HIGH_TOWER,neutral,defense,30,,,,,false,2,,false,240,,60,64,,false,posts:2|hits_aerial:1|accuracy:1.0,,64,tower|elevated|anti_air,1,§10 torre alta: atinge a camada aérea; obrigatória a partir do dia 4,max_health|width_px|shadow_width|job_slots,Regra proposta: max_health = 8 × custo; build_work = 2 s × custo; shadow_width = largura (§22: a sombra escala com a largura)
fire_barrel,BUILDING_FIRE_BARREL,neutral,defense,12,,,,,false,0,,false,20,,24,32,,false,rot_slow:0.25|aoe_damage:20|aoe_radius:96,,32,explodes,1,§10 barril de fogo: dano em área ao ser destruído; abranda A Podridão 25%,max_health|width_px|shadow_width|effect_params,"Exceção à regra de vida: 20, porque tem de rebentar. aoe_damage 20 mata dois Rastejantes (vida 10) e fere um Bruto. Regra proposta: max_health = 8 × custo; build_work = 2 s × custo; shadow_width = largura (§22: a sombra escala com a largura)"
root_moat,BUILDING_ROOT_MOAT,neutral,defense,22,,,,,false,0,,false,176,,44,96,,false,root_seconds:3,,96,,6,§10 fosso de raízes: prende terrestres 3 s,max_health|width_px|shadow_width,Regra proposta: max_health = 8 × custo; build_work = 2 s × custo; shadow_width = largura (§22: a sombra escala com a largura)
lighthouse,BUILDING_LIGHTHOUSE,neutral,defense,40,,,,,false,0,,false,320,,80,64,,false,light_radius:300|blocks_summon:1|light_strength:0.5|repel_mass:30|rot_slow:0.3,,64,landmark|warm_light,6,§10 farol: ilumina 300 px; A Podridão não invoca dentro da luz,max_health|width_px|shadow_width|effect_params,"Regra proposta: max_health = 8 × custo; build_work = 2 s × custo; shadow_width = largura (§22: a sombra escala com a largura). light_strength 0,5 (Q-078, aprovada pelo dono a 28/09/2026): o farol mantém os 300 px do §10 com paragens próprias e mais fracas, para a candeia (teto 260) continuar a dominar o ecrã (§80). Com as três cores da candeia, domina-se abaixo de ≈0,54 — o candeia_test mede-o paragem a paragem. ADR 0034 (o dono a 29/09/2026): a luz dele afasta a Podridão — faz recuar tudo até massa 30 (repel_mass: Rastejantes e Brutos) e abranda 30% o que for mais forte (rot_slow). Proposta."
consecrated_altar,BUILDING_CONSECRATED_ALTAR,neutral,defense,55,,,,,false,0,,false,440,,110,96,,false,rot_slow:0.4|radius:320,,96,,6,§10 altar consagrado: −40% velocidade da Podridão,max_health|width_px|shadow_width|effect_params,O raio não está no dossiê: 320 px = meio segmento (§21). Regra proposta: max_health = 8 × custo; build_work = 2 s × custo; shadow_width = largura (§22: a sombra escala com a largura)
passage_seal,BUILDING_PASSAGE_SEAL,neutral,special,10,,,,,false,0,,false,80,,20,48,,false,,,48,seals_passage,1,"§11 passagens; §51 «se o caminho de superfície estiver selado, a mancha usa a faixa subterrânea»",category|cost|max_health|width_px|shadow_width|tags,"Proposta (Q-132, AUD-04): escorar a boca de uma passagem fecha-a para toda a gente — o Cavador não sobe por ela e o rei não desce. Com as passagens de um lado escoradas, a mancha desse lado não gasta massa no subsolo. Categoria special: desenha-se como abóbada sobre a boca, e não como torre. Regra proposta: max_health = 8 × custo; build_work = 2 s × custo; shadow_width = largura."
campfire,BUILDING_CAMPFIRE,neutral,defense,3,,,,,false,0,,false,24,,6,32,,false,rot_slow:0.25|radius:96|light_radius:96|light_strength:0.5|sells_torch:1|repel_mass:8,,32,warm_light,1,"§05 'fogueiras, barris de fogo e terreno consagrado abrandam-na'; §80 as fogueiras mais fracas do que a candeia; Q-029",max_health|width_px|shadow_width|effect_params,"A fogueira das rondas noturnas (Q-029, aprovada pelo dono a 28/09/2026): 3 moedas, o abrandamento do barril (rot_slow 0,25). Acende 96 px com paragens a metade da força (§80: mais fraca do que a candeia) e vende o archote — uma moeda do rei largada nela é um archote (sells_torch). Regra proposta dos edifícios: max_health = 8 × custo; build_work = 2 s × custo. ADR 0034: a luz dela faz recuar os Rastejantes (repel_mass 8) e abranda os outros pelo mesmo rot_slow. Proposta."
tender_ward,BUILDING_TENDER_WARD,neutral,special,8,,,,,false,0,,false,60,,16,40,,false,ward_radius:200|ward_charge_max:6|ward_per_coin:1|ward_decay_base:1|ward_decay_per_day:0.1,,40,wards_tender,1,"§75 ""pode ser afastado, não morto""; Q-100 (o dono a 29/09/2026)",cost|max_health|build_work|width_px|shadow_width|effect_params,"O Sino de Vigia (Q-100, o dono a 29/09/2026: ""uma construção que emita algo que impeça que ele avance, e esse recurso vai diminuindo conforme o poder da podridão se torna mais forte""): com carga, o Zelador não entra nos 200 px dele pelo lado de fora, e se lá estiver é empurrado para fora. Nasce cheio (6); cada alvorada perde 1 + 0,1 × dia; cada moeda largada nele dá 1 de carga, até ao teto. Destruído, repara-se como qualquer obra (Q-108)."
bow_rack,BUILDING_BOW_RACK,neutral,training,4,,,,,false,0,archer,false,32,,8,48,,true,craft_cost:2,,48,,1,"§02 o arco do Kingdom (2 moedas); relatório Kingdom de 29/09, K1 (Q-165)",cost|max_health|build_work|width_px|shadow_width|effect_params,"Q-165 (o dono, 29/09/2026: «aplique o relatório»): a banca do arco. A moeda larga-se nela como na Casa de Treino e o trabalhador teu mais perto pega no arco e sai arqueiro, sem dia de treino. craft_cost 2 é o arco do Kingdom (§02) — a diferença entre o arqueiro (3) e o vagabundo (1). Sem ela a região tinha três arqueiros para sempre. Regra proposta: max_health = 8 × custo; build_work = 2 s × custo; shadow_width = largura (§22: a sombra escala com a largura)"
citizen_house,BUILDING_CITIZEN_HOUSE,neutral,special,8,,,,,false,,,false,64,,16,96,,false,,,96,,1,Q-170 — aprovada,cost|max_health|build_work|width_px|shadow_width,Casa nas ruínas do acampamento; números de trabalho ajustáveis.
enramados_house,BUILDING_ENRAMADOS_HOUSE,enramados,special,8,,,,,false,0,work,false,64,0,16,80,,false,,,80,,1,Q-174 — ecossistemas autónomos,cost|max_health|build_work|width_px|shadow_width|yield_per_day|job_slots|contact_slots,"Obra local do povo, com tesouro e trabalhadores próprios; valores ajustáveis."
enramados_work,BUILDING_ENRAMADOS_WORK,enramados,production,8,wood,2,,,false,1,work,false,64,0,16,80,,false,,,80,,1,Q-174 — ecossistemas autónomos,cost|max_health|build_work|width_px|shadow_width|yield_per_day|job_slots|contact_slots,"Obra local do povo, com tesouro e trabalhadores próprios; valores ajustáveis."
enramados_defense,BUILDING_ENRAMADOS_DEFENSE,enramados,defense,8,,,,,false,2,guard,false,64,3,16,80,,false,,,80,,1,Q-174 — ecossistemas autónomos,cost|max_health|build_work|width_px|shadow_width|yield_per_day|job_slots|contact_slots,"Obra local do povo, com tesouro e trabalhadores próprios; valores ajustáveis."
portuarios_house,BUILDING_PORTUARIOS_HOUSE,portuarios,special,8,,,,,false,0,work,false,64,0,16,80,,false,,,80,,1,Q-174 — ecossistemas autónomos,cost|max_health|build_work|width_px|shadow_width|yield_per_day|job_slots|contact_slots,"Obra local do povo, com tesouro e trabalhadores próprios; valores ajustáveis."
portuarios_work,BUILDING_PORTUARIOS_WORK,portuarios,production,8,fish,3,,,false,1,work,false,64,0,16,80,,false,,,80,,1,Q-174 — ecossistemas autónomos,cost|max_health|build_work|width_px|shadow_width|yield_per_day|job_slots|contact_slots,"Obra local do povo, com tesouro e trabalhadores próprios; valores ajustáveis."
portuarios_defense,BUILDING_PORTUARIOS_DEFENSE,portuarios,defense,8,,,,,false,2,guard,false,64,3,16,80,,false,,,80,,1,Q-174 — ecossistemas autónomos,cost|max_health|build_work|width_px|shadow_width|yield_per_day|job_slots|contact_slots,"Obra local do povo, com tesouro e trabalhadores próprios; valores ajustáveis."
fenda_house,BUILDING_FENDA_HOUSE,fenda,special,8,,,,,false,0,work,false,64,0,16,80,,false,,,80,,1,Q-174 — ecossistemas autónomos,cost|max_health|build_work|width_px|shadow_width|yield_per_day|job_slots|contact_slots,"Obra local do povo, com tesouro e trabalhadores próprios; valores ajustáveis."
fenda_work,BUILDING_FENDA_WORK,fenda,production,8,ore,4,,,false,1,work,false,64,0,16,80,,false,,,80,,1,Q-174 — ecossistemas autónomos,cost|max_health|build_work|width_px|shadow_width|yield_per_day|job_slots|contact_slots,"Obra local do povo, com tesouro e trabalhadores próprios; valores ajustáveis."
fenda_defense,BUILDING_FENDA_DEFENSE,fenda,defense,8,,,,,false,2,guard,false,64,3,16,80,,false,,,80,,1,Q-174 — ecossistemas autónomos,cost|max_health|build_work|width_px|shadow_width|yield_per_day|job_slots|contact_slots,"Obra local do povo, com tesouro e trabalhadores próprios; valores ajustáveis."
horta_house,BUILDING_HORTA_HOUSE,horta,special,8,,,,,false,0,farm,false,64,0,16,80,,false,,,80,,1,Q-174 — ecossistemas autónomos,cost|max_health|build_work|width_px|shadow_width|yield_per_day|job_slots|contact_slots,"Obra local do povo, com tesouro e trabalhadores próprios; valores ajustáveis."
horta_work,BUILDING_HORTA_WORK,horta,production,8,grain,2,,,false,1,farm,false,64,0,16,80,,false,,,80,,1,Q-174 — ecossistemas autónomos,cost|max_health|build_work|width_px|shadow_width|yield_per_day|job_slots|contact_slots,"Obra local do povo, com tesouro e trabalhadores próprios; valores ajustáveis."
horta_defense,BUILDING_HORTA_DEFENSE,horta,defense,8,,,,,false,2,guard,false,64,3,16,80,,false,,,80,,1,Q-174 — ecossistemas autónomos,cost|max_health|build_work|width_px|shadow_width|yield_per_day|job_slots|contact_slots,"Obra local do povo, com tesouro e trabalhadores próprios; valores ajustáveis."
fornalha_house,BUILDING_FORNALHA_HOUSE,fornalha,special,8,,,,,false,0,work,false,64,0,16,80,,false,,,80,,1,Q-174 — ecossistemas autónomos,cost|max_health|build_work|width_px|shadow_width|yield_per_day|job_slots|contact_slots,"Obra local do povo, com tesouro e trabalhadores próprios; valores ajustáveis."
fornalha_work,BUILDING_FORNALHA_WORK,fornalha,production,8,ore,2,,,false,1,work,false,64,0,16,80,,false,,,80,,1,Q-174 — ecossistemas autónomos,cost|max_health|build_work|width_px|shadow_width|yield_per_day|job_slots|contact_slots,"Obra local do povo, com tesouro e trabalhadores próprios; valores ajustáveis."
fornalha_defense,BUILDING_FORNALHA_DEFENSE,fornalha,defense,8,,,,,false,2,guard,false,64,3,16,80,,false,,,80,,1,Q-174 — ecossistemas autónomos,cost|max_health|build_work|width_px|shadow_width|yield_per_day|job_slots|contact_slots,"Obra local do povo, com tesouro e trabalhadores próprios; valores ajustáveis."
sobraiz_house,BUILDING_SOBRAIZ_HOUSE,sobraiz,special,8,,,,,false,0,work,false,64,0,16,80,,false,,,80,,1,Q-174 — ecossistemas autónomos,cost|max_health|build_work|width_px|shadow_width|yield_per_day|job_slots|contact_slots,"Obra local do povo, com tesouro e trabalhadores próprios; valores ajustáveis."
sobraiz_work,BUILDING_SOBRAIZ_WORK,sobraiz,production,8,ore,4,,,false,1,work,false,64,0,16,80,,false,,,80,,1,Q-174 — ecossistemas autónomos,cost|max_health|build_work|width_px|shadow_width|yield_per_day|job_slots|contact_slots,"Obra local do povo, com tesouro e trabalhadores próprios; valores ajustáveis."
sobraiz_defense,BUILDING_SOBRAIZ_DEFENSE,sobraiz,defense,8,,,,,false,2,guard,false,64,3,16,80,,false,,,80,,1,Q-174 — ecossistemas autónomos,cost|max_health|build_work|width_px|shadow_width|yield_per_day|job_slots|contact_slots,"Obra local do povo, com tesouro e trabalhadores próprios; valores ajustáveis."
geada_house,BUILDING_GEADA_HOUSE,geada,special,8,,,,,false,0,work,false,64,0,16,80,,false,,,80,,1,Q-174 — ecossistemas autónomos,cost|max_health|build_work|width_px|shadow_width|yield_per_day|job_slots|contact_slots,"Obra local do povo, com tesouro e trabalhadores próprios; valores ajustáveis."
geada_work,BUILDING_GEADA_WORK,geada,production,8,animal,2,,,false,1,work,false,64,0,16,80,,false,,,80,,1,Q-174 — ecossistemas autónomos,cost|max_health|build_work|width_px|shadow_width|yield_per_day|job_slots|contact_slots,"Obra local do povo, com tesouro e trabalhadores próprios; valores ajustáveis."
geada_defense,BUILDING_GEADA_DEFENSE,geada,defense,8,,,,,false,2,guard,false,64,3,16,80,,false,,,80,,1,Q-174 — ecossistemas autónomos,cost|max_health|build_work|width_px|shadow_width|yield_per_day|job_slots|contact_slots,"Obra local do povo, com tesouro e trabalhadores próprios; valores ajustáveis."
bruma_house,BUILDING_BRUMA_HOUSE,bruma,special,8,,,,,false,0,work,false,64,0,16,80,,false,,,80,,1,Q-174 — ecossistemas autónomos,cost|max_health|build_work|width_px|shadow_width|yield_per_day|job_slots|contact_slots,"Obra local do povo, com tesouro e trabalhadores próprios; valores ajustáveis."
bruma_work,BUILDING_BRUMA_WORK,bruma,production,8,fish,3,,,false,1,work,false,64,0,16,80,,false,,,80,,1,Q-174 — ecossistemas autónomos,cost|max_health|build_work|width_px|shadow_width|yield_per_day|job_slots|contact_slots,"Obra local do povo, com tesouro e trabalhadores próprios; valores ajustáveis."
bruma_defense,BUILDING_BRUMA_DEFENSE,bruma,defense,8,,,,,false,2,guard,false,64,3,16,80,,false,,,80,,1,Q-174 — ecossistemas autónomos,cost|max_health|build_work|width_px|shadow_width|yield_per_day|job_slots|contact_slots,"Obra local do povo, com tesouro e trabalhadores próprios; valores ajustáveis."
mercenary_house,BUILDING_MERCENARY_HOUSE,mercenary,special,8,,,,,false,0,work,false,64,0,16,80,,false,,,80,,1,Q-174 — ecossistemas autónomos,cost|max_health|build_work|width_px|shadow_width|yield_per_day|job_slots|contact_slots,"Obra local do povo, com tesouro e trabalhadores próprios; valores ajustáveis."
mercenary_work,BUILDING_MERCENARY_WORK,mercenary,production,8,wood,2,,,false,1,work,false,64,0,16,80,,false,,,80,,1,Q-174 — ecossistemas autónomos,cost|max_health|build_work|width_px|shadow_width|yield_per_day|job_slots|contact_slots,"Obra local do povo, com tesouro e trabalhadores próprios; valores ajustáveis."
mercenary_defense,BUILDING_MERCENARY_DEFENSE,mercenary,defense,8,,,,,false,2,guard,false,64,3,16,80,,false,,,80,,1,Q-174 — ecossistemas autónomos,cost|max_health|build_work|width_px|shadow_width|yield_per_day|job_slots|contact_slots,"Obra local do povo, com tesouro e trabalhadores próprios; valores ajustáveis."
hammer_rack,BUILDING_HAMMER_RACK,neutral,training,3,,,,,false,0,builder,true,32,,8,48,,true,craft_cost:3|craft_cap:1|train_days:0,,48,,1,ADR 0060 — ferramentas fundadoras; pedido do dono de 03/10/2026,cost|build_work|max_health|width_px|effect_params,"A fundação ergue esta bancada, sem dar uma pessoa. Comprar um martelo por 3 moedas forma o primeiro construtor sem dia de treino, depois de contratar um vagabundo. Um construtor básico vivo por reino pela bancada; a Casa de Treino continua a formar os restantes por 12 moedas e um dia. Recuperar a perda não fecha a partida. Valores de protótipo ajustáveis. Q-227: banca custa 3 moedas; martelo mantém 3."
companion_post,BUILDING_COMPANION_POST,neutral,training,0,,,,,,,,,32,,0,24,,true,,,24,,1,Q-223; ADR 0065,,"Posto gratuito depois da fundação; forma uma pessoa contratada por 7 moedas, sem criar outra."
cellar_excavation,BUILDING_CELLAR_EXCAVATION,neutral,special,3,,,,,,,,,32,,8,24,,true,,,24,,1,Q-220; ADR 0065,cost|build_work,Construtor escava uma sala por estágio da sede; números em arrival.csv.
