key,value,_group,_src,_proposed,_notes
income_growth,1.12,Curva e asfixia,"§06 curva; simulador da §06 (base = 3 + 2,6 × fontes)",,"produção cresce a 1,12^(d−1) sobre a base construída"
trade_growth,1.08,Curva e asfixia,"§06 curva; simulador da §06 (base = 3 + 2,6 × fontes)",,"comércio cresce a 1,08^(d−1) por rota"
night_cost_base,6.1,Curva e asfixia,"§06 curva; simulador da §06 (base = 3 + 2,6 × fontes)",,custo de sobreviver à noite no dia 1
night_cost_growth,1.22,Curva e asfixia,"§06 curva; simulador da §06 (base = 3 + 2,6 × fontes)",,"correção da v3: 1,22, não 1,16"
suffocation_target,9|14,Curva e asfixia,"§06 curva; simulador da §06 (base = 3 + 2,6 × fontes)",,alvo de design do dia de asfixia; o CI falha fora disto
curve_income_flat,3.0,Curva e asfixia,"§06 curva; simulador da §06 (base = 3 + 2,6 × fontes)",,parte fixa da base no simulador da §06
curve_income_per_source,2.6,Curva e asfixia,"§06 curva; simulador da §06 (base = 3 + 2,6 × fontes)",,"por fonte de produção, no simulador da §06"
upkeep_free_troops,8,Manutenção,"§06 sorvedouro 1; §29 prompt 3 (upkeep(14) = 3,0; upkeep(25) = 13,5)",,até 8 tropas não há manutenção
upkeep_tier1_limit,20,Manutenção,"§06 sorvedouro 1; §29 prompt 3 (upkeep(14) = 3,0; upkeep(25) = 13,5)",,de 9 a 20
upkeep_tier1_rate,0.5,Manutenção,"§06 sorvedouro 1; §29 prompt 3 (upkeep(14) = 3,0; upkeep(25) = 13,5)",,"por tropa e por dia, entre 9 e 20"
upkeep_tier2_rate,1.5,Manutenção,"§06 sorvedouro 1; §29 prompt 3 (upkeep(14) = 3,0; upkeep(25) = 13,5)",,"por tropa e por dia, acima de 20"
wage_grace_days,1,Manutenção,"§06 sorvedouro 1; Q-144 (o dono a 29/09/2026: elabore um planeamento completo)",wage_grace_days,"Proposta (Q-144): o soldo que não se paga fica em atraso e paga-se primeiro nas alvoradas seguintes; as tropas aguentam um dia de soldo por pagar. Um dia mau não leva ninguém — é o que trava a espiral deserção → menos renda → mais deserção."
deserter_rest_days,2,Manutenção,"§06 sorvedouro 1; Q-144",deserter_rest_days,"Proposta (Q-144): para lá da tolerância, vão-se tantas tropas quantas o excesso paga, a um soldo por cabeça, e cada uma leva a sua parte do atraso. Quem desertou só volta a poder ser recrutado dois dias depois."
trade_route_income,4.5,"Comércio, caça e saque",§06 circuitos 1 e 3; §13; §25; §29 prompt 3; §49,,"o §06 diz 4–6/dia; 4,5 é o valor da fórmula do §29"
trade_network_bonus,0.1,"Comércio, caça e saque",§06 circuitos 1 e 3; §13; §25; §29 prompt 3; §49,,+10% a todas as rotas por cada rota a partir da segunda
trade_cart_cost,5,"Comércio, caça e saque",§06 circuitos 1 e 3; §13; §25; §29 prompt 3; §49,,a carroça que percorre a rota
hunt_yield,3|9,"Comércio, caça e saque",§06 circuitos 1 e 3; §13; §25; §29 prompt 3; §49,,caça: moeda direta por saída
loot_yield,40|160,"Comércio, caça e saque",§06 circuitos 1 e 3; §13; §25; §29 prompt 3; §49,,"saque de fortaleza, uma vez; fecha a rota"
start_coins,6,"Comércio, caça e saque",§06 circuitos 1 e 3; §13; §25; §29 prompt 3; §49,,§25: acordas com 6 moedas
coin_stack_max,99,"Comércio, caça e saque",§06 circuitos 1 e 3; §13; §25; §29 prompt 3; §49,,§49: acima disto funde num saco
favor_decay_per_day,0.1,Favor e diplomacia,§06 Favor; §14 diplomata; §56,,decai 10%/dia se não for usado
diplomat_p_dissolve,0.3,Favor e diplomacia,§06 Favor; §14 diplomata; §56,,dissolução → super-tropa
diplomat_p_contract,0.5,Favor e diplomacia,§06 Favor; §14 diplomata; §56,,contrato → mercenários e dívida
diplomat_p_capture,0.2,Favor e diplomacia,§06 Favor; §14 diplomata; §56,,captura → resgate com prazo
diplomat_favor_step,20,Favor e diplomacia,§06 Favor; §14 diplomata; §56,,cada 20 de Favor...
diplomat_favor_shift,0.05,Favor e diplomacia,§06 Favor; §14 diplomata; §56,,...move 5 pontos de Captura para Dissolução — ver Q-004 sobre o exemplo 45/45/10
assimilate_every_days,8,Favor e diplomacia,§06 Favor; §14 diplomata; §56,,diplomata n2
assimilate_favor,60,Favor e diplomacia,§06 Favor; §14 diplomata; §56,,diplomata n2
mercenary_afternoon_markup,0.25,Mercenários e dívida,§05 tarde; §14 dívida; §56,,preços sobem 25% na tarde
debt_base,40,Mercenários e dívida,§05 tarde; §14 dívida; §56,,D = 40 + 18 × n
debt_per_mercenary,18,Mercenários e dívida,§05 tarde; §14 dívida; §56,,D = 40 + 18 × n
debt_due_days,6,Mercenários e dívida,§05 tarde; §14 dívida; §56,,prazo
debt_late_multiplier,1.25,Mercenários e dívida,§05 tarde; §14 dívida; §56,,"cada dia em atraso: D × 1,25"
debt_partial_reset_days,3,Mercenários e dívida,§05 tarde; §14 dívida; §56,,pagamento parcial reinicia o prazo em 3 dias
debt_desert_until_late_day,3,Mercenários e dívida,§05 tarde; §14 dívida; §56,,atraso 1–3 dias: os mercenários desertam
debt_diplomat_dies_late_day,4,Mercenários e dívida,§05 tarde; §14 dívida; §56,,atraso 4: o diplomata morre
debt_camp_marches_late_day,5,Mercenários e dívida,§05 tarde; §14 dívida; §56,,atraso 5+: o acampamento marcha sobre ti
impulses_per_day,1,"Coroa, morte e decay",§15 sucessão; §16 morte e decay,,um impulso por dia
heir_training_days,10,"Coroa, morte e decay",§15 sucessão; §16 morte e decay,,Casa do Herdeiro
heir_training_days_diplomat,5,"Coroa, morte e decay",§15 sucessão; §16 morte e decay,,atalho do diplomata n2
heir_cost_per_day,5,"Coroa, morte e decay",§15 sucessão; §16 morte e decay,,custo diário do treino
heir_boost_inheritance,0.6,"Coroa, morte e decay",§15 sucessão; §16 morte e decay,,herda 60% dos boosts e 100% dos desbloqueios
interregnum_days,3,"Coroa, morte e decay",§15 sucessão; §16 morte e decay,,sem sucessor: 3 dias sem construir
interregnum_greed,80,"Coroa, morte e decay",§15 sucessão; §16 morte e decay,,ganância durante o interregno
decay_structures_kept,0.4,"Coroa, morte e decay",§15 sucessão; §16 morte e decay,,ao cair mantém 40% das estruturas do império principal
resurrection_seed_cost,3,"Coroa, morte e decay",§15 sucessão; §16 morte e decay,,ou 120 moedas
resurrection_coin_cost,120,"Coroa, morte e decay",§15 sucessão; §16 morte e decay,,ou 3 Sementes Reais
resurrection_phase_loss,1,"Coroa, morte e decay",§15 sucessão; §16 morte e decay,,o ressuscitado perde uma fase de evolução
craft_evolve_days_home,14,Ofícios e conquista,§09 dilema do artesão; §13,,ofício que fica no império
craft_evolve_days_combat,4,Ofícios e conquista,§09 dilema do artesão; §13,,ofício que vai a combate
fortress_seeds,1|3,Ofícios e conquista,§09 dilema do artesão; §13,,Sementes Reais por fortaleza
fortress_cavities_revealed,1|2,Ofícios e conquista,§09 dilema do artesão; §13,,cavidades marcadas no corte de solo
tower_accuracy,1.0,Combate e moral,"§07 precisão, ocupação de linha, moral; §47; §50; §52",,dentro de torre ≈100%; em campo vale accuracy_open de cada unidade
slot_replace_time,0.4,Combate e moral,"§07 precisão, ocupação de linha, moral; §47; §50; §52",,§47 manda-o para a EconomyCurve
queue_min_px,30,Combate e moral,"§07 precisão, ocupação de linha, moral; §47; §50; §52",,a fila espera a 30–120 px
queue_max_px,120,Combate e moral,"§07 precisão, ocupação de linha, moral; §47; §50; §52",,a fila espera a 30–120 px
queue_spacing_px,18,Combate e moral,"§07 precisão, ocupação de linha, moral; §47; §50; §52",,o 18 do código do §50 (30 + i × 18)
king_presence_radius,260,Combate e moral,"§07 precisão, ocupação de linha, moral; §47; §50; §52",,rei em campo: ninguém foge neste raio
breach_flee_health,0.3,Combate e moral,"§07 precisão, ocupação de linha, moral; §47; §50; §52",,muro cai: fogem as tropas com vida < 30%...
breach_flee_max_cost,4,Combate e moral,"§07 precisão, ocupação de linha, moral; §47; §50; §52",,...e custo ≤ 4
flee_health,0.25,Combate e moral,"§07 precisão, ocupação de linha, moral; §47; §50; §52",,FSM: FUGIR com vida < 25% (§52) — ver Q-005
job_proximity_px,400.0,Trabalho,§29 prompt 4,,proximidade = 1 / (1 + distância / 400)
job_hysteresis,0.15,Trabalho,§29 prompt 4,,só muda de posto se o score novo superar o atual em mais de 15%
ai_w_fortify_wall,1.4,IA do rei inimigo,§20 código; §10 Casa de Treino,,"fortify = wall_deficit × 1,4 + threat × 0,8"
ai_w_fortify_threat,0.8,IA do rei inimigo,§20 código; §10 Casa de Treino,,
ai_w_attack,1.2,IA do rei inimigo,§20 código; §10 Casa de Treino,,"attack = army_surplus × 1,2 − king_age_risk"
ai_w_recruit,1.1,IA do rei inimigo,§20 código; §10 Casa de Treino,,"recruit = (1 − army_ratio) × 1,1"
ai_w_expand,0.9,IA do rei inimigo,§20 código; §10 Casa de Treino,,"expand = income_deficit × 0,9 × (1 − greed)"
ai_w_diplomat,1.3,IA do rei inimigo,§20 código; §10 Casa de Treino,,"diplomat = favor_ratio × 1,3"
ai_tyrant_greed,0.65,IA do rei inimigo,§20 código; §10 Casa de Treino,,"tiranos: greed > 0,65"
ai_tyrant_fortify_mult,0.45,IA do rei inimigo,§20 código; §10 Casa de Treino,,poupam no muro
ai_tyrant_recruit_mult,1.35,IA do rei inimigo,§20 código; §10 Casa de Treino,,gastam em elites
ai_target_training_house_from_day,15,IA do rei inimigo,§20 código; §10 Casa de Treino,,destruir a Casa de Treino é prioritário a partir do dia 15
named_cap,9,Identidade — §76,§76 os nove feitos e os títulos,,Nove nomes ao mesmo tempo (D-07). A Q-041 propõe mantê-lo fixo: cresce e deixa de significar nada.
title_mourning_days,3,Identidade — §76,§76 os nove feitos e os títulos,,"Morto o dono, o título fica de luto três dias e volta com ordinal (D-08)."
chapters_per_campaign,6,Mundo — §77,§77 quantos aparecem e onde,,"Seis dos dez por campanha, um deles sempre o Cerco (D-11). A Q-043 propõe seis e não os dez sempre."
colheita_base_days,6,Colheita — §78,§78 a Colheita e as duas decisões,,"C = 6 + 2 × povos já detidos. A sexta dura 16 dias — Q-042, a medir em playtest."
colheita_per_people,2,Colheita — §78,§78 a Colheita e as duas decisões,,O termo que trava o snowball.
colheita_assimilation_factor,0.5,Colheita — §78,§78 a Colheita e as duas decisões,,"Por assimilação, metade, arredondada para cima: o diplomata n2 continua a valer a pena (§14)."
colheita_production_mult,1.4,Colheita — §78,§78 a Colheita e as duas decisões,,"Produzem a 140% enquanto dura, e cantam em modo menor (§81)."
release_favor,25,Colheita — §78,§78 a Colheita e as duas decisões,,Soltar: +25 de Favor (§14).
release_route_income,8,Colheita — §78,§78 a Colheita e as duas decisões,,Soltar: rota de comércio permanente de 8 moedas/dia.
release_unit_price_mult,1.5,Colheita — §78,§78 a Colheita e as duas decisões,,"Soltar: a tropa única passa a comprável a 1,5× do preço."
keep_production_bonus,0.8,Colheita — §78,§78 a Colheita e as duas decisões,,Ficar: +80% de produção permanente daquela terra.
keep_landmark_mass,22,Colheita — §78,§78 a Colheita e as duas decisões,,"Ficar: o marco cria raiz e pesa 22 de massa por noite, e não se corta (§74)."
ally_attack_favor,-40,Colheita — §78,§78 a Colheita e as duas decisões,,Atacar um aliado custa 40 de Favor e quebra todas as outras alianças.
bitter_wood_sell_price,0,Lenho Amargo — §74,"§74 candeia, Amargueiro e a massa termo a termo",,Regra 1: o Lenho não é moeda. Fica em zero de propósito; o D-02 chumba se alguém lhe der preço.
bitter_wood_wall_level,4,Lenho Amargo — §74,"§74 candeia, Amargueiro e a massa termo a termo",,"Um Lenho dispensa o requires_conquest da muralha de nível 4, por segmento."
bitter_wood_bastion_cost,3,Lenho Amargo — §74,"§74 candeia, Amargueiro e a massa termo a termo",,"O bastião, único por império, custa 3 Lenhos além das 65 moedas."
coin_pickup_px,12,Moeda física — F1-01,§02 a moeda é física; §53 L_COIN não colide,coin_pickup_px,"Proposta: a apanha é por distância, não por colisão. A medir no F1-01."
coin_gravity_px_s2,700,Moeda física — F1-01,§02 a moeda é física; §61 o Verbo 1,,"Proposta: o dossiê diz que a moeda é física e não diz com que física. 700 px/s² com o impulso abaixo dá um arco de 23 px em contínuo — cerca de 20 px a 30 Hz, que é o que se vê — e meio segundo de voo — alto o bastante para se ver por cima de uma tropa, curto o bastante para não se esperar por ele. Q-061; a medir no F1-01."
coin_drop_speed_px_s,180,Moeda física — F1-01,§02 a moeda é física; §61 o Verbo 1,,"Proposta: impulso vertical ao largar. Com a gravidade acima: ápice 23 px em contínuo, ~20 px medidos a 30 Hz, voo 0,51 s. Q-061."
coin_drop_spread_px_s,40,Moeda física — F1-01,§02 a moeda é física; §25 seis moedas ao acordar,,"Proposta: dispersão horizontal máxima ao largar, em px/s. Sobre 0,51 s de voo dá ±20 px de espalhamento — mais do que o raio de apanha de 12, para que duas moedas largadas juntas não se apanhem como uma. Q-061."
coin_drop_repeat_s,0.12,Moeda física — F1-01,§24 mapa de comando «Largar em contínuo — Espaço (manter)»,coin_drop_repeat_s,"Proposta: o §24 manda largar em contínuo e não diz a que ritmo. 0,12 s dão pouco mais de oito moedas por segundo — depressa o bastante para encher uma obra sem martelar a tecla, devagar o bastante para se ver cada moeda a cair e para se parar a tempo. O Bastião de 65 sai em 8 s de tecla premida em vez de 65 toques. Ver Q-083."
recruit_notice_px,120,Recrutamento — F1-04,§25 minuto 0:20 «largas uma moeda perto dele»,recruit_notice_px,"Proposta: «perto» não tem número no dossiê. 120 é o limite exterior da fila do §50 — a distância a que o jogo já diz que alguém pertence a um sítio. O vagabundo corre para a moeda que cai a esta distância, como no Kingdom: New Lands (Q-063, 28/09/2026)."
follow_distance_px,30,Recrutamento — F1-04,§25 minuto 0:20; §08 o escudeiro acompanha o rei,follow_distance_px,"Proposta ancorada no queue_min_px do §50 (30): a que distância uma pessoa espera por outra. Desde a Q-063 só o escudeiro (follows_king) anda atrás do rei; quem é recrutado vai para a vila, como no Kingdom: New Lands."
follow_spacing_px,18,Recrutamento — F1-04,§25 minuto 0:20; §08 o escudeiro; Q-063 a espera na vila,follow_spacing_px,"Proposta ancorada no queue_spacing_px do §50 (18), para o jogo ter UMA regra de espaçamento e não duas: é o passo da fila atrás do rei e o passo de quem espera à volta do centro do núcleo (Q-063)."
unstaffed_yield,0.25,Auditoria de gameplay — AUD-02,"§06 circuito 1; §52 postos; auditoria de 26/09, P-B",unstaffed_yield,"Proposta (Q-121): uma obra com posto rende inteiro com quem lá trabalha, e esta fracção sem ninguém — nas fases em que o posto é urgente (jobs.csv). O galinheiro, sem posto, rende sozinho: é a diferença entre as fontes."
vagrants_per_dawn,1,Auditoria de gameplay — AUD-02,"§02 o Kingdom desmontado; auditoria de 26/09",vagrants_per_dawn,"Proposta (Q-122): o dossiê não tem fonte de vagabundos, e a população por recrutar acabava em nove pessoas. Um por alvorada, num dos acampamentos da região, alternando o lado."
vagrant_camp_cap,4,Auditoria de gameplay — AUD-02,"§02 o Kingdom desmontado; auditoria de 26/09",vagrant_camp_cap,"Proposta (Q-122): acima de quatro vagabundos por recrutar vivos, o acampamento não dá mais — e o que pesa é recrutá-los, não esperar por eles."
start_greed_profile,balanced,Auditoria de gameplay — AUD-02,"§15 ganância: o teu rei tem um valor, sorteado de novo em cada sucessão",start_greed_profile,"Proposta (Q-123): o perfil 'Equilibrado' (20–35) é o do §15 que diz 'neutro'. A ganância sorteia-se no início pelo fluxo world e leva a sua parte da produção, como o modelo do §06 já fazia."
chicken_theft_matter,1,Auditoria de gameplay — AUD-04,"§06 galinheiro «galinhas roubáveis à noite»; §07 o Alado obriga a torre alta",chicken_theft_matter,"Proposta (Q-129): o que um Alado leva de um galinheiro, em matéria — uma moeda da produção do dia seguinte, se ele chegar vivo à alvorada. Nunca mais do que o rendimento de um dia por galinheiro."
crossing_day,11,Auditoria de gameplay — AUD-05,"§16 decay; §21 a região; §83 a bifurcação a leste; auditoria P-K",crossing_day,"Proposta (Q-135): a bifurcação abre a travessia para a região seguinte na manhã do dia 11 — depois de a partida viver as dez noites do §66 (o Cavador incluído). Antes disso, a bifurcação só diz em que dia abre."
crossing_party_px,120,Auditoria de gameplay — AUD-05,"§16; auditoria P-K «partir leva o rei e quem ele escolher»",crossing_party_px,"Proposta (Q-135): quem é teu e está a esta distância do rei quando ele atravessa vai com ele. É o recruit_notice_px (120), a distância a que o jogo já diz que alguém pertence a um sítio."
march_party_caps,builder:3|ranged:4|melee:3,Marcha e vassalos,"§13 a marcha; Q-154 (o dono a 29/09/2026: a comitiva tem um teto também); Kingdom: New Lands, o barco",march_party_caps,"Proposta (Q-154): quem marcha tem teto por papel, como o barco do Kingdom: New Lands — 3 construtores, 4 arqueiros, 3 cavaleiros. O papel é a tag do units.csv (builder, ranged, melee). Quem não tem nenhuma destas não marcha."
march_min_party,3,Marcha e vassalos,"§13 a marcha; Q-146",march_min_party,"Proposta: com menos de três, a marcha não sai. Desde o cerco (Q-166), quem decide a conquista é a firmeza da fortaleza, e não quantos voltam."
march_nights,1,Marcha e vassalos,"§13: saem do império, que fica desguarnecido nessa noite",,"Do dossiê (§13): uma noite fora."
march_fortress_base,8,Marcha e vassalos,"§13 reconhecimento, marcha e cerco; Q-159; relatório Kingdom de 29/09, K6 (o portal não regenera vida)",march_fortress_base,"Proposta (Q-166, o dono a 29/09/2026: «aplique o relatório»): a firmeza da fortaleza do primeiro povo do plano. Com 2 por cabeça, os três do mínimo tiram 6 e não chegam; quatro acabam-na numa marcha."
march_fortress_per_region,4,Marcha e vassalos,"§13; relatório Kingdom de 29/09, K6",march_fortress_per_region,"Proposta (Q-166): cada povo mais adiante no plano tem mais 4 de firmeza — o segundo 12, o terceiro 16. O §13 lê-a na muralha e nos defensores; até haver reis inimigos (o enemy_wall_bias do §15 está no greed_profiles.csv), é um número só."
march_siege_per_unit,2,Marcha e vassalos,"§13 o cerco; relatório Kingdom de 29/09, K6",march_siege_per_unit,"Proposta (Q-166): quanto cada um que marcha tira à fortaleza por marcha. O que tira fica: a marcha seguinte começa onde esta parou."
march_loss_chance,0.2,Marcha e vassalos,"§13: «é aqui que morrem»; relatório Kingdom de 29/09, K6",march_loss_chance,"Proposta (Q-166): a chance de cada um que marcha não voltar, sorteada no fluxo combat — a mesma semente dá as mesmas baixas. Numa marcha de cinco, perde-se um, em média."
world_trail_segments,4|6,Mundo contínuo,"§21 (acampamento_mercenario: um a cada 4–7 segmentos); o dono, 30/09/2026: «entre as regiões devem haver caminhos e trilhas para fazerem transições suaves»",world_trail_segments,"Proposta (Q-173): cada trilho entre duas terras mede de 4 a 6 segmentos de 640 px, sorteados pelo sítio — cabe um encontro (acampamento, mercenários, masmorra) e a paisagem tem espaço para passar de um povo para o outro. O último trilho de cada lado leva à borda."
world_land_segments,4,Mundo contínuo,"§13 conquistar civilizações; §21 fortaleza 'uma nas extremidades da região'",world_land_segments,"Proposta (Q-173): a terra de cada outro povo mede 4 segmentos — o povoado e a fortaleza na ponta de fora —, e tem à entrada o limiar, que é mais um. Com os 7 povos da campanha, do núcleo à borda mais longe são uns 6 minutos a pé (80 px/s)."
wild_cluster,0.6,Mundo contínuo,"Minecraft: o multi-noise dos biomas (continuidade em vez de sorteio puro); §21 pesos dos segmentos",wild_cluster,"Proposta (Q-173): quanto o clima de cada sítio (um ruído contínuo pela semente) empurra os pesos do §21 — com 0,6 o bosque pesa até 1,6 vezes onde o clima é húmido e 0,4 onde é seco, e o vazio ao contrário. Sem isto um trilho era um sorteio a cada segmento, sem estiradas de bosque nem de clareira."
wild_cluster_segments,6,Mundo contínuo,"Minecraft: a frequência do ruído de biomas",wild_cluster_segments,"Proposta (Q-173): de quantos em quantos segmentos o clima dá a volta — uma estirada de bosque ou de clareira dura uns 3 segmentos."
dungeon_coins,3|6,Mundo contínuo,"o dono, 30/09/2026: «dungeons» nos caminhos; §21 ruína 'traz uma passagem para o corte de solo'",dungeon_coins,"Proposta (Q-173): o monte de moedas que espera na câmara de uma masmorra, sorteado pelo sítio quando ela é gerada, e que só o rei desce a apanhar. Uma vez: o que se apanhou não volta."
vassal_tribute,4|6,Marcha e vassalos,"§13: rende 4–6 moedas/dia para sempre; Q-103",,"Do dossiê (§13): o tributo de um vassalo por dia, sorteado na conquista."
vassal_seeds,1|3,Marcha e vassalos,"§13: 1 a 3 Sementes",,"Do dossiê (§13): as Sementes Reais que a conquista dá (Q-095)."
vassal_strength,100,Marcha e vassalos,"Q-103 (o dono a 29/09/2026): os que assimilei podem ser consumidos pelo meu inimigo",vassal_strength,"Proposta (Q-103): a firmeza de um vassalo acabado de conquistar."
vassal_erosion_per_mass,0.02,Marcha e vassalos,"Q-103",vassal_erosion_per_mass,"Proposta (Q-103): cada ponto de massa da noite tira 0,02 de firmeza a cada vassalo — com a noite a crescer depois da 10 (Q-151), um vassalo conquistado ao dia 11 aguenta umas duas semanas."
vassals_can_fall,true,Marcha e vassalos,"Q-103: dependendo do modo de jogo",,"O modo de jogo por omissão deixa cair vassalos (Q-103). Falso guarda-os para sempre."
spirit_levels,35|50|65,Ânimo do reino,"§74, §76 (moral do império); Q-102 (o dono a 29/09/2026)",spirit_levels,"Proposta (Q-102): abatido abaixo de 35, a base 50, animado acima de 65. O ânimo é a base mais as memórias vivas (docs/recovery/PESQUISA-MORAL-2026-09-29.md)."
spirit_weights,night_survived:4|night_clean:2|troop_died:-2|named_died:-6|king_died:-10|deserted:-3|wages_owed:-5|named_tree_felled:-1|vassal_won:8|vassal_lost:-8,Ânimo do reino,"§74: serrar um Amargueiro nomeado tira 1 ponto durante 2 dias; Q-102",spirit_weights,"Proposta (Q-102): o peso de cada memória. O -1 da árvore nomeada é do dossiê (§74, §76); os outros são propostas."
spirit_days,night_survived:3|night_clean:3|troop_died:2|named_died:4|king_died:5|deserted:3|wages_owed:2|named_tree_felled:2|vassal_won:5|vassal_lost:5,Ânimo do reino,"§74: durante 2 dias; Q-102",spirit_days,"Proposta (Q-102): quantos dias cada memória conta. Os 2 dias da árvore nomeada são do dossiê."
spirit_flee_mult,1.3|0.8,Ânimo do reino,"§07 a fuga; Q-102",spirit_flee_mult,"Proposta (Q-102): abatido, a tropa foge com 30% mais vida; animado, com 20% menos. Multiplica o flee_health."
spirit_yield,0.1,Ânimo do reino,"§06; Q-102",spirit_yield,"Proposta (Q-102): animado, a produção rende +10%; abatido, −10%."
spirit_vagrants,1,Ânimo do reino,"Q-102, Q-122",spirit_vagrants,"Proposta (Q-102): animado, chega mais um vagabundo por alvorada aos acampamentos; abatido, não chega nenhum — a gente vem para onde se vive bem (Stronghold)."
king_run_mult,1.8,Andar — correr,"pedido do dono (28/09/2026): correr com o Shift esquerdo; Q-149 decidida no painel a 29/09/2026",,"Decidido (Q-149): com o Shift esquerdo (ou L3) premido o rei anda até 1,8× — 80 px/s passam a 144, o mapa inteiro de 48 s passa a 27 s. Só o rei, e sem custo: a travessia do §21 e a presença do §07 continuam a pedir que ele esteja no sítio, só lá chega mais depressa."
king_leash_px,1440,Andar — correr,"Q-150 (o dono a 30/09/2026: «o rei pode sair até 50 metros ou uma distância que faz sentido do império, quem sai mais pra longe são as classes jogáveis»)",king_leash_px,"Quanto o rei se afasta das bordas da região de casa, para cada lado: 50 m à escala do §22 — uma tropa de 49 px tem 1,7 m, e 50 m são 1440 px. Chega ao primeiro acampamento de cada trilho; as classes jogáveis vão até à borda do mundo."
impulse_repeat_mult,1.5,Coroa — o preço dos impulsos,"§15 impulsos reais; pedido do dono (Q-014, 28/09/2026): um sistema de preço completo",impulse_repeat_mult,"Proposta (Q-014): o mesmo decreto repetido dentro de impulse_repeat_days dias custa ×1,5 por cada vez que saiu. Um impulso por dia já é a regra do §15; isto é o que impede que o melhor impulso seja o único que se usa."
impulse_repeat_days,3,Coroa — o preço dos impulsos,"§15 impulsos reais; pedido do dono (Q-014, 28/09/2026)",impulse_repeat_days,Proposta (Q-014): três dias de memória — o reino esquece um decreto ao fim de metade da semana de uma noite funda (peak_every 6).
