id,placement,wall_level,requires_any,_phase,_src,_proposed,_notes
wall,wall,0,,1,ADR 0060,,Só o próximo marco por lado. A subida de nível continua na escada da sede.
core,camp,0,,1,ADR 0060 — estágio + território + apoio,,"Requisitos só para a primeira construção; preservar obras pagas, erguidas e herdadas."
training_house,protected,1,,1,ADR 0060 — estágio + território + apoio,wall_level,"Requisitos só para a primeira construção; preservar obras pagas, erguidas e herdadas."
forge,protected,3,training_house,1,ADR 0060 — estágio + território + apoio,wall_level,"Requisitos só para a primeira construção; preservar obras pagas, erguidas e herdadas."
kitchen,protected,2,farm|henhouse|fishery,1,ADR 0060 — estágio + território + apoio,wall_level,"Requisitos só para a primeira construção; preservar obras pagas, erguidas e herdadas."
embassy,protected,2,training_house,1,ADR 0060 — estágio + território + apoio,wall_level,"Requisitos só para a primeira construção; preservar obras pagas, erguidas e herdadas."
heir_house,protected,2,training_house,1,ADR 0060 — estágio + território + apoio,wall_level,"Requisitos só para a primeira construção; preservar obras pagas, erguidas e herdadas."
root_sanctuary,protected,2,,1,ADR 0060 — estágio + território + apoio,wall_level,"Requisitos só para a primeira construção; preservar obras pagas, erguidas e herdadas."
mount_stable,protected,2,,1,ADR 0060 — estágio + território + apoio,wall_level,"Requisitos só para a primeira construção; preservar obras pagas, erguidas e herdadas."
farm,protected,1,,1,ADR 0060 — estágio + território + apoio,wall_level,Todos os canteiros exigem área protegida; só as bancas fundadoras dispensam a primeira muralha de pé.
fishery,protected,1,,1,ADR 0060 — estágio + território + apoio,wall_level,"Requisitos só para a primeira construção; preservar obras pagas, erguidas e herdadas."
henhouse,protected,1,,1,ADR 0060 — estágio + território + apoio,wall_level,"Requisitos só para a primeira construção; preservar obras pagas, erguidas e herdadas."
cow_stable,protected,2,,1,ADR 0060 — estágio + território + apoio,wall_level,"Requisitos só para a primeira construção; preservar obras pagas, erguidas e herdadas."
lumber_camp,protected,1,,1,ADR 0060 — estágio + território + apoio,wall_level,"Requisitos só para a primeira construção; preservar obras pagas, erguidas e herdadas."
ore_pit,protected,2,,1,ADR 0060 — estágio + território + apoio,wall_level,"Requisitos só para a primeira construção; preservar obras pagas, erguidas e herdadas."
granary,protected,2,farm,1,ADR 0060 — estágio + território + apoio,wall_level,"Requisitos só para a primeira construção; preservar obras pagas, erguidas e herdadas."
saltery,protected,2,fishery,1,ADR 0060 — estágio + território + apoio,wall_level,"Requisitos só para a primeira construção; preservar obras pagas, erguidas e herdadas."
pen,protected,2,henhouse|cow_stable,1,ADR 0060 — estágio + território + apoio,wall_level,"Requisitos só para a primeira construção; preservar obras pagas, erguidas e herdadas."
sawmill,protected,2,lumber_camp,1,ADR 0060 — estágio + território + apoio,wall_level,"Requisitos só para a primeira construção; preservar obras pagas, erguidas e herdadas."
smelter,protected,3,ore_pit,1,ADR 0060 — estágio + território + apoio,wall_level,"Requisitos só para a primeira construção; preservar obras pagas, erguidas e herdadas."
archer_tower,protected,1,,1,ADR 0060 — estágio + território + apoio,wall_level,"Requisitos só para a primeira construção; preservar obras pagas, erguidas e herdadas."
high_tower,protected,1,,1,ADR 0060 — estágio + território + apoio,wall_level,"Requisitos só para a primeira construção; preservar obras pagas, erguidas e herdadas."
fire_barrel,protected,1,,1,ADR 0060 — estágio + território + apoio,wall_level,"Requisitos só para a primeira construção; preservar obras pagas, erguidas e herdadas."
root_moat,protected,1,,1,ADR 0060 — estágio + território + apoio,wall_level,"Requisitos só para a primeira construção; preservar obras pagas, erguidas e herdadas."
lighthouse,protected,2,,1,ADR 0060 — estágio + território + apoio,wall_level,"Requisitos só para a primeira construção; preservar obras pagas, erguidas e herdadas."
consecrated_altar,protected,3,root_sanctuary,1,ADR 0060 — estágio + território + apoio,wall_level,"Requisitos só para a primeira construção; preservar obras pagas, erguidas e herdadas."
passage_seal,wilderness,0,,1,ADR 0060 — estágio + território + apoio,,"Requisitos só para a primeira construção; preservar obras pagas, erguidas e herdadas."
campfire,protected,1,,1,ADR 0060 — estágio + território + apoio,wall_level,"Requisitos só para a primeira construção; preservar obras pagas, erguidas e herdadas."
tender_ward,protected,1,,1,ADR 0060 — estágio + território + apoio,wall_level,"Requisitos só para a primeira construção; preservar obras pagas, erguidas e herdadas."
bow_rack,camp,0,,1,ADR 0060 — estágio + território + apoio,,"Requisitos só para a primeira construção; preservar obras pagas, erguidas e herdadas."
citizen_house,wilderness,0,,1,ADR 0060 — estágio + território + apoio,,"Requisitos só para a primeira construção; preservar obras pagas, erguidas e herdadas."
enramados_house,native,0,,1,ADR 0060 — estágio + território + apoio,,"Requisitos só para a primeira construção; preservar obras pagas, erguidas e herdadas."
enramados_work,native,0,,1,ADR 0060 — estágio + território + apoio,,"Requisitos só para a primeira construção; preservar obras pagas, erguidas e herdadas."
enramados_defense,native,0,,1,ADR 0060 — estágio + território + apoio,,"Requisitos só para a primeira construção; preservar obras pagas, erguidas e herdadas."
portuarios_house,native,0,,1,ADR 0060 — estágio + território + apoio,,"Requisitos só para a primeira construção; preservar obras pagas, erguidas e herdadas."
portuarios_work,native,0,,1,ADR 0060 — estágio + território + apoio,,"Requisitos só para a primeira construção; preservar obras pagas, erguidas e herdadas."
portuarios_defense,native,0,,1,ADR 0060 — estágio + território + apoio,,"Requisitos só para a primeira construção; preservar obras pagas, erguidas e herdadas."
fenda_house,native,0,,1,ADR 0060 — estágio + território + apoio,,"Requisitos só para a primeira construção; preservar obras pagas, erguidas e herdadas."
fenda_work,native,0,,1,ADR 0060 — estágio + território + apoio,,"Requisitos só para a primeira construção; preservar obras pagas, erguidas e herdadas."
fenda_defense,native,0,,1,ADR 0060 — estágio + território + apoio,,"Requisitos só para a primeira construção; preservar obras pagas, erguidas e herdadas."
horta_house,native,0,,1,ADR 0060 — estágio + território + apoio,,"Requisitos só para a primeira construção; preservar obras pagas, erguidas e herdadas."
horta_work,native,0,,1,ADR 0060 — estágio + território + apoio,,"Requisitos só para a primeira construção; preservar obras pagas, erguidas e herdadas."
horta_defense,native,0,,1,ADR 0060 — estágio + território + apoio,,"Requisitos só para a primeira construção; preservar obras pagas, erguidas e herdadas."
fornalha_house,native,0,,1,ADR 0060 — estágio + território + apoio,,"Requisitos só para a primeira construção; preservar obras pagas, erguidas e herdadas."
fornalha_work,native,0,,1,ADR 0060 — estágio + território + apoio,,"Requisitos só para a primeira construção; preservar obras pagas, erguidas e herdadas."
fornalha_defense,native,0,,1,ADR 0060 — estágio + território + apoio,,"Requisitos só para a primeira construção; preservar obras pagas, erguidas e herdadas."
sobraiz_house,native,0,,1,ADR 0060 — estágio + território + apoio,,"Requisitos só para a primeira construção; preservar obras pagas, erguidas e herdadas."
sobraiz_work,native,0,,1,ADR 0060 — estágio + território + apoio,,"Requisitos só para a primeira construção; preservar obras pagas, erguidas e herdadas."
sobraiz_defense,native,0,,1,ADR 0060 — estágio + território + apoio,,"Requisitos só para a primeira construção; preservar obras pagas, erguidas e herdadas."
geada_house,native,0,,1,ADR 0060 — estágio + território + apoio,,"Requisitos só para a primeira construção; preservar obras pagas, erguidas e herdadas."
geada_work,native,0,,1,ADR 0060 — estágio + território + apoio,,"Requisitos só para a primeira construção; preservar obras pagas, erguidas e herdadas."
geada_defense,native,0,,1,ADR 0060 — estágio + território + apoio,,"Requisitos só para a primeira construção; preservar obras pagas, erguidas e herdadas."
bruma_house,native,0,,1,ADR 0060 — estágio + território + apoio,,"Requisitos só para a primeira construção; preservar obras pagas, erguidas e herdadas."
bruma_work,native,0,,1,ADR 0060 — estágio + território + apoio,,"Requisitos só para a primeira construção; preservar obras pagas, erguidas e herdadas."
bruma_defense,native,0,,1,ADR 0060 — estágio + território + apoio,,"Requisitos só para a primeira construção; preservar obras pagas, erguidas e herdadas."
mercenary_house,native,0,,1,ADR 0060 — estágio + território + apoio,,"Requisitos só para a primeira construção; preservar obras pagas, erguidas e herdadas."
mercenary_work,native,0,,1,ADR 0060 — estágio + território + apoio,,"Requisitos só para a primeira construção; preservar obras pagas, erguidas e herdadas."
mercenary_defense,native,0,,1,ADR 0060 — estágio + território + apoio,,"Requisitos só para a primeira construção; preservar obras pagas, erguidas e herdadas."
hammer_rack,camp,0,,1,ADR 0060 — estágio + território + apoio,,"Requisitos só para a primeira construção; preservar obras pagas, erguidas e herdadas."
amargueiro,wilderness,0,,1,ADR 0060,,O corte conserva as regras de descoberta e consagração que já tinha.
