id,kind,people,weight,scene,width_px,build_slots,cavity_slots,passages,resource,rules,min_per_region,max_per_region,min_region_index,subject,fixed,_phase,_src,_proposed,_notes
enramados_start_base_01,start_base,enramados,0,res://scenes/segments/enramados/enramados_start_base_01.tscn,640,2,1,1,water,center,1,1,0,castle_tree,false,1,"§21 tipos de segmento, pesos e restrições; §47 SEGMENT_WIDTH 640",build_slots|cavity_slots|passages|subject,"'Um por região, ao centro. É o teu castelo-árvore.'"
enramados_opening_00,opening,enramados,0,res://scenes/segments/enramados/enramados_opening_00.tscn,640,2,1,1,water,center|first_run_only,0,1,0,castle_tree_ruin,true,1,"§21 tipos de segmento, pesos e restrições; §47 SEGMENT_WIDTH 640; §25 segmento_00_abertura",build_slots|subject,"Cena fixa, sempre igual, a mais afinada do jogo (§25). Substitui o start_base na primeira partida: 1 cavidade e 1 passagem do minuto 10:00."
enramados_empty_01,empty,enramados,30,res://scenes/segments/enramados/enramados_empty_01.tscn,640,3,0,0,,,3,0,0,well,false,1,"§21 tipos de segmento, pesos e restrições; §47 SEGMENT_WIDTH 640",build_slots|subject,'Nunca menos de 3 por região.' 2 a 3 edifícios por segmento (§21).
enramados_empty_02,empty,enramados,30,res://scenes/segments/enramados/enramados_empty_02.tscn,640,3,0,0,,,3,0,0,broken_cart,false,1,"§21 tipos de segmento, pesos e restrições; §47 SEGMENT_WIDTH 640",build_slots|subject,
enramados_empty_03,empty,enramados,30,res://scenes/segments/enramados/enramados_empty_03.tscn,640,3,1,0,,,3,0,0,standing_stone,false,1,"§21 tipos de segmento, pesos e restrições; §47 SEGMENT_WIDTH 640",build_slots|cavity_slots|subject,
enramados_forest_01,forest,enramados,25,res://scenes/segments/enramados/enramados_forest_01.tscn,640,2,1,0,forest,,0,0,0,fallen_giant,false,1,"§21 tipos de segmento, pesos e restrições; §47 SEGMENT_WIDTH 640",build_slots|cavity_slots|subject,Define a especialidade económica disponível: corte de madeira e caça.
enramados_ruin_01,ruin,enramados,12,res://scenes/segments/enramados/enramados_ruin_01.tscn,640,1,1,1,,gap=3|encounter,0,0,0,collapsed_arch,false,1,"§21 tipos de segmento, pesos e restrições; §47 SEGMENT_WIDTH 640",build_slots|cavity_slots|subject|rules,"'Traz uma passagem para o corte de solo.' Nas trilhas entre povos é a masmorra (o dono, 30/09/2026): a passagem leva a uma câmara no corte de solo com um monte de moedas; conta como encontro do trilho (Q-173)."
enramados_fortress_01,fortress,enramados,6,res://scenes/segments/enramados/enramados_fortress_01.tscn,640,0,1,0,,not_adjacent=fortress|at_region_end,0,0,0,enemy_keep,false,1,"§21 tipos de segmento, pesos e restrições; §47 SEGMENT_WIDTH 640",build_slots|cavity_slots|subject,'Nunca duas adjacentes. Uma nas extremidades da região.'
enramados_edge_01,edge,enramados,0,res://scenes/segments/enramados/enramados_edge_01.tscn,640,0,0,0,,at_region_end,1,1,0,cliff,false,1,§21 Bordo: 'uma região tem de terminar em alguma coisa',build_slots|subject,"O tipo edge vem da lição do Chef RPG (§21), que pede um segmento dedicado; não está na tabela de pesos."
enramados_vagrant_camp_01,vagrant_camp,enramados,10,,640,0,0,0,,gap=4|encounter,0,0,0,vagrant_tents,false,1,"§21 tipos de segmento, pesos e restrições; o dono, 30/09/2026: «nesses caminhos se encontra acampamentos de mendigos, mercenários, dungeons»; Q-122",weight|rules|subject,"Acampamento de mendigos (Q-173): entra na lista de acampamentos, e o vagabundo de cada alvorada (Q-122) também pode chegar aqui. O teto de livres é o mesmo: muda onde a gente aparece, não quanta."
enramados_mercenary_camp_01,mercenary_camp,enramados,8,,640,0,0,0,,gap=4|not_near_base|encounter,0,0,0,mercenary_tents,false,1,"§21 tipos de segmento, pesos e restrições; o dono, 30/09/2026: «nesses caminhos se encontra acampamentos de mendigos, mercenários, dungeons»",rules|subject,"'Um a cada 4–7 segmentos. Nunca adjacente à base inicial.' (§21). Tem sempre um mercenário à espera, reposto à alvorada, que se contrata ao preço dele (units.csv, recruit_cost), como qualquer recruta (Q-173)."
enramados_threshold_gate,threshold,enramados,0,,640,0,0,0,,at_land_start,0,0,0,gate,false,1,"§21 Limiar: 'a fronteira entre povos nunca é um fade: é um portão, uma ponte, uma falha na rocha, uma muralha em ruínas'",build_slots|rules,O limiar à entrada da terra de um povo (Q-173): um portão.
enramados_threshold_bridge,threshold,enramados,0,,640,0,0,0,,at_land_start,0,0,0,bridge,false,1,"§21 Limiar: 'a fronteira entre povos nunca é um fade: é um portão, uma ponte, uma falha na rocha, uma muralha em ruínas'",build_slots|rules,O limiar à entrada da terra de um povo (Q-173): uma ponte.
enramados_threshold_rock_fault,threshold,enramados,0,,640,0,0,0,,at_land_start,0,0,0,rock_fault,false,1,"§21 Limiar: 'a fronteira entre povos nunca é um fade: é um portão, uma ponte, uma falha na rocha, uma muralha em ruínas'",build_slots|rules,O limiar à entrada da terra de um povo (Q-173): uma falha na rocha.
enramados_threshold_ruined_wall,threshold,enramados,0,,640,0,0,0,,at_land_start,0,0,0,ruined_wall,false,1,"§21 Limiar: 'a fronteira entre povos nunca é um fade: é um portão, uma ponte, uma falha na rocha, uma muralha em ruínas'",build_slots|rules,O limiar à entrada da terra de um povo (Q-173): uma muralha em ruínas.
enramados_settlement_houses,settlement,enramados,0,,640,0,0,0,,in_land,0,0,0,houses,false,1,"§13 conquistar civilizações; o dono, 30/09/2026 (as regiões ligadas por trilhas)",weight|rules|subject,"A terra de outro povo, entre o limiar e a fortaleza (Q-173). Até cada povo ter o seu kit, a terra desenha-se com as cores e as plantas do bioma dele."
enramados_settlement_farmsteads,settlement,enramados,0,,640,0,0,0,,in_land,0,0,0,farmsteads,false,1,"§13 conquistar civilizações; o dono, 30/09/2026 (as regiões ligadas por trilhas)",weight|rules|subject,"A terra de outro povo, entre o limiar e a fortaleza (Q-173). Até cada povo ter o seu kit, a terra desenha-se com as cores e as plantas do bioma dele."
enramados_edge_sea,edge,enramados,0,,640,0,0,0,,at_region_end,1,1,0,sea,false,1,"§21 Bordo: 'uma região tem de terminar em alguma coisa — falésia, mar, muralha, desfiladeiro'",build_slots,"A borda do mundo em mar (Q-173): a do lado cujo último povo tem este bioma (biomes.csv, edge_subject)."
enramados_edge_gorge,edge,enramados,0,,640,0,0,0,,at_region_end,1,1,0,gorge,false,1,"§21 Bordo: 'uma região tem de terminar em alguma coisa — falésia, mar, muralha, desfiladeiro'",build_slots,"A borda do mundo em desfiladeiro (Q-173): a do lado cujo último povo tem este bioma (biomes.csv, edge_subject)."
enramados_edge_wall,edge,enramados,0,,640,0,0,0,,at_region_end,1,1,0,wall,false,1,"§21 Bordo: 'uma região tem de terminar em alguma coisa — falésia, mar, muralha, desfiladeiro'",build_slots,"A borda do mundo em muralha (Q-173): a do lado cujo último povo tem este bioma (biomes.csv, edge_subject)."
