id,display_key,feat_key,condition_kind,condition_value,grant_kind,grant_value,ribbon_color,unique_while_alive,_phase,_src,_proposed,_notes
the_one_who_stayed,TITLE_THE_ONE_WHO_STAYED,FEAT_THE_ONE_WHO_STAYED,nights_in_siege_post,5,max_health,1,#C9A227,true,4,§76 os nove feitos e os títulos,ribbon_color,'Aguentou' — 5 noites vivo em posto de cerco. +1 de vida máxima.
she_who_held_the_gate,TITLE_SHE_WHO_HELD_THE_GATE,FEAT_SHE_WHO_HELD_THE_GATE,sole_gate_survivor,1,never_flees,1,#B9663A,true,4,§76 os nove feitos e os títulos,ribbon_color,'Último na porta' — único sobrevivente de um portão atacado. Ignora a regra de fuga da §07.
the_one_who_broke_stone,TITLE_THE_ONE_WHO_BROKE_STONE,FEAT_THE_ONE_WHO_BROKE_STONE,killed_ram,1,damage_vs_siege,2,#8A8F7A,true,4,§76 os nove feitos e os títulos,ribbon_color,'Partiu o cerco' — golpe final num Aríete de lodo. +2 de dano contra siege.
the_counter,TITLE_THE_COUNTER,FEAT_THE_COUNTER,kills,10,attack_rate,1.1,#59386B,true,4,§76 os nove feitos e os títulos,ribbon_color,'Contou' — 10 Rastejantes abatidos. +10% de cadência.
the_one_who_brought_the_others,TITLE_THE_ONE_WHO_BROUGHT_THE_OTHERS,FEAT_THE_ONE_WHO_BROUGHT_THE_OTHERS,corpses_dragged,3,drag_speed,2.0,#6E8B3D,true,4,§76 os nove feitos e os títulos,ribbon_color,'Trouxe os outros' — arrastou 3 corpos para dentro antes da alvorada (§74). Arrasta ao dobro.
she_who_spoke_with_her,TITLE_SHE_WHO_SPOKE_WITH_HER,FEAT_SHE_WHO_SPOKE_WITH_HER,survived_inside_stain,1,no_panic_in_lantern,1,#F6D89B,true,4,§76 os nove feitos e os títulos,ribbon_color,'Falou com ela' — esteve dentro da mancha e saiu viva. Vê o raio da candeia como zona segura.
the_dry_one,TITLE_THE_DRY_ONE,FEAT_THE_DRY_ONE,days_without_food,7,food_use,0.5,#D8C9A3,true,4,§76 os nove feitos e os títulos,ribbon_color,'Não comeu' — 7 dias sem passar pela cozinha. Metade do consumo.
she_who_came_back,TITLE_SHE_WHO_CAME_BACK,FEAT_SHE_WHO_CAME_BACK,resurrected,1,charm_immune,1,#7FA6A1,true,4,§76 os nove feitos e os títulos,ribbon_color,'Voltou' — ressuscitada no Santuário das Raízes (§16). Imune ao encantamento do Bardo inimigo.
the_one_with_the_same_spear,TITLE_THE_ONE_WITH_THE_SAME_SPEAR,FEAT_THE_ONE_WITH_THE_SAME_SPEAR,same_weapon_days,10,weapon_level,1,#A35A2A,true,4,§76 os nove feitos e os títulos,ribbon_color,'Não largou' — manteve a mesma arma 10 dias. A arma sobe um nível.
