asset_id,category,people,name,source_file,export_path,width,height,useful_bbox,pivot_x,pivot_y,slots,animations,frames,fps,palette,priority,phase,status,implemented,reviewed,notes
enramados_squire_body,personagem,enramados,Corpo-base squire (escala 1),art/source/enramados/enramados_squire.aseprite,art/export/enramados/enramados_squire_body.png,64,64,≈22×34,32,56,body,idle|walk|attack|die|hit|work|build,40,10,empire_working,P0,1,TODO,no,no,O escudeiro do trono (§01).
enramados_squire_face,personagem,enramados,Rostos squire: normal · hurt · hit · fear (+ angry · charmed · rotten · sleep),art/source/enramados/enramados_squire.aseprite,art/export/enramados/enramados_squire_face_<estado>.png,64,64,≈10×10,32,56,face,idle|walk|attack|die|hit|work|build,40,10,empire_working,P1,1,TODO,no,no,"EXPRESSION_GUIDE §2. Fatia vertical: normal, hurt, hit, fear."
enramados_squire_head_helmet_big,personagem,enramados,Cabeça helmet_big,art/source/enramados/enramados_squire.aseprite,art/export/enramados/enramados_squire_head_helmet_big.png,64,64,,32,56,head,idle|walk|attack|die|hit|work|build,40,10,empire_working,P1,1,TODO,no,no,head_pool de units.csv (proposta).
enramados_villager_body,personagem,enramados,Corpo-base villager (escala 2),art/source/enramados/enramados_villager.aseprite,art/export/enramados/enramados_villager_body.png,96,96,24×47,48,88,body,idle|walk|attack|die|hit|work|build,40,10,empire_working,P0,1,ANIMATION,no,no,"Parte do 'Empire troop' (idle de 6 frames já feito — §01, §22). Faltam walk, attack, die."
enramados_villager_face,personagem,enramados,Rostos villager: normal · hurt · hit · fear (+ angry · charmed · rotten · sleep),art/source/enramados/enramados_villager.aseprite,art/export/enramados/enramados_villager_face_<estado>.png,96,96,≈10×10,48,88,face,idle|walk|attack|die|hit|work|build,40,10,empire_working,P1,1,TODO,no,no,"EXPRESSION_GUIDE §2. Fatia vertical: normal, hurt, hit, fear."
enramados_villager_head_bare,personagem,enramados,Cabeça bare,art/source/enramados/enramados_villager.aseprite,art/export/enramados/enramados_villager_head_bare.png,96,96,,48,88,head,idle|walk|attack|die|hit|work|build,40,10,empire_working,P1,1,TODO,no,no,head_pool de units.csv (proposta).
enramados_villager_head_hat_straw,personagem,enramados,Cabeça hat_straw,art/source/enramados/enramados_villager.aseprite,art/export/enramados/enramados_villager_head_hat_straw.png,96,96,,48,88,head,idle|walk|attack|die|hit|work|build,40,10,empire_working,P1,1,TODO,no,no,head_pool de units.csv (proposta).
enramados_villager_head_hair_black,personagem,enramados,Cabeça hair_black,art/source/enramados/enramados_villager.aseprite,art/export/enramados/enramados_villager_head_hair_black.png,96,96,,48,88,head,idle|walk|attack|die|hit|work|build,40,10,empire_working,P1,1,TODO,no,no,head_pool de units.csv (proposta).
enramados_villager_head_beard_red,personagem,enramados,Cabeça beard_red,art/source/enramados/enramados_villager.aseprite,art/export/enramados/enramados_villager_head_beard_red.png,96,96,,48,88,head,idle|walk|attack|die|hit|work|build,40,10,empire_working,P1,1,TODO,no,no,head_pool de units.csv (proposta).
enramados_villager_head_hood,personagem,enramados,Cabeça hood,art/source/enramados/enramados_villager.aseprite,art/export/enramados/enramados_villager_head_hood.png,96,96,,48,88,head,idle|walk|attack|die|hit|work|build,40,10,empire_working,P1,1,TODO,no,no,head_pool de units.csv (proposta).
enramados_villager_head_cap,personagem,enramados,Cabeça cap,art/source/enramados/enramados_villager.aseprite,art/export/enramados/enramados_villager_head_cap.png,96,96,,48,88,head,idle|walk|attack|die|hit|work|build,40,10,empire_working,P1,1,TODO,no,no,head_pool de units.csv (proposta).
enramados_villager_head_helmet_round,personagem,enramados,Cabeça helmet_round,art/source/enramados/enramados_villager.aseprite,art/export/enramados/enramados_villager_head_helmet_round.png,96,96,,48,88,head,idle|walk|attack|die|hit|work|build,40,10,empire_working,P1,1,TODO,no,no,head_pool de units.csv (proposta).
enramados_villager_head_helmet_horned,personagem,enramados,Cabeça helmet_horned,art/source/enramados/enramados_villager.aseprite,art/export/enramados/enramados_villager_head_helmet_horned.png,96,96,,48,88,head,idle|walk|attack|die|hit|work|build,40,10,empire_working,P1,1,TODO,no,no,head_pool de units.csv (proposta).
enramados_villager_head_scarf,personagem,enramados,Cabeça scarf,art/source/enramados/enramados_villager.aseprite,art/export/enramados/enramados_villager_head_scarf.png,96,96,,48,88,head,idle|walk|attack|die|hit|work|build,40,10,empire_working,P1,1,TODO,no,no,head_pool de units.csv (proposta).
enramados_villager_head_hat_builder,personagem,enramados,Cabeça hat_builder,art/source/enramados/enramados_villager.aseprite,art/export/enramados/enramados_villager_head_hat_builder.png,96,96,,48,88,head,idle|walk|attack|die|hit|work|build,40,10,empire_working,P1,1,TODO,no,no,head_pool de units.csv (proposta).
enramados_villager_head_mustache_bald,personagem,enramados,Cabeça mustache_bald,art/source/enramados/enramados_villager.aseprite,art/export/enramados/enramados_villager_head_mustache_bald.png,96,96,,48,88,head,idle|walk|attack|die|hit|work|build,40,10,empire_working,P1,1,TODO,no,no,head_pool de units.csv (proposta).
enramados_villager_head_hat_chef,personagem,enramados,Cabeça hat_chef,art/source/enramados/enramados_villager.aseprite,art/export/enramados/enramados_villager_head_hat_chef.png,96,96,,48,88,head,idle|walk|attack|die|hit|work|build,40,10,empire_working,P1,1,TODO,no,no,head_pool de units.csv (proposta).
enramados_villager_head_hat_feather,personagem,enramados,Cabeça hat_feather,art/source/enramados/enramados_villager.aseprite,art/export/enramados/enramados_villager_head_hat_feather.png,96,96,,48,88,head,idle|walk|attack|die|hit|work|build,40,10,empire_working,P1,1,TODO,no,no,head_pool de units.csv (proposta).
enramados_villager_head_hat_bard,personagem,enramados,Cabeça hat_bard,art/source/enramados/enramados_villager.aseprite,art/export/enramados/enramados_villager_head_hat_bard.png,96,96,,48,88,head,idle|walk|attack|die|hit|work|build,40,10,empire_working,P1,1,TODO,no,no,head_pool de units.csv (proposta).
enramados_villager_head_bandana,personagem,enramados,Cabeça bandana,art/source/enramados/enramados_villager.aseprite,art/export/enramados/enramados_villager_head_bandana.png,96,96,,48,88,head,idle|walk|attack|die|hit|work|build,40,10,empire_working,P1,1,TODO,no,no,head_pool de units.csv (proposta).
enramados_villager_weapon_bow_l1,arma,enramados,Arma bow nível 1,art/source/enramados/enramados_villager.aseprite,art/export/enramados/enramados_villager_weapon_bow_l1.png,96,96,,48,88,weapon,idle|walk|attack|die|hit|work|build,40,10,empire_working,P1,1,TODO,no,no,"4 níveis por família + a arma saqueada (§09, §22)."
enramados_villager_weapon_bow_l2,arma,enramados,Arma bow nível 2,art/source/enramados/enramados_villager.aseprite,art/export/enramados/enramados_villager_weapon_bow_l2.png,96,96,,48,88,weapon,idle|walk|attack|die|hit|work|build,40,10,empire_working,P2,2,TODO,no,no,"4 níveis por família + a arma saqueada (§09, §22)."
enramados_villager_weapon_bow_l3,arma,enramados,Arma bow nível 3,art/source/enramados/enramados_villager.aseprite,art/export/enramados/enramados_villager_weapon_bow_l3.png,96,96,,48,88,weapon,idle|walk|attack|die|hit|work|build,40,10,empire_working,P2,2,TODO,no,no,"4 níveis por família + a arma saqueada (§09, §22)."
enramados_villager_weapon_bow_l4,arma,enramados,Arma bow nível 4,art/source/enramados/enramados_villager.aseprite,art/export/enramados/enramados_villager_weapon_bow_l4.png,96,96,,48,88,weapon,idle|walk|attack|die|hit|work|build,40,10,empire_working,P2,2,TODO,no,no,"4 níveis por família + a arma saqueada (§09, §22)."
enramados_villager_weapon_dagger_l1,arma,enramados,Arma dagger nível 1,art/source/enramados/enramados_villager.aseprite,art/export/enramados/enramados_villager_weapon_dagger_l1.png,96,96,,48,88,weapon,idle|walk|attack|die|hit|work|build,40,10,empire_working,P1,1,TODO,no,no,"4 níveis por família + a arma saqueada (§09, §22)."
enramados_villager_weapon_dagger_l2,arma,enramados,Arma dagger nível 2,art/source/enramados/enramados_villager.aseprite,art/export/enramados/enramados_villager_weapon_dagger_l2.png,96,96,,48,88,weapon,idle|walk|attack|die|hit|work|build,40,10,empire_working,P2,2,TODO,no,no,"4 níveis por família + a arma saqueada (§09, §22)."
enramados_villager_weapon_dagger_l3,arma,enramados,Arma dagger nível 3,art/source/enramados/enramados_villager.aseprite,art/export/enramados/enramados_villager_weapon_dagger_l3.png,96,96,,48,88,weapon,idle|walk|attack|die|hit|work|build,40,10,empire_working,P2,2,TODO,no,no,"4 níveis por família + a arma saqueada (§09, §22)."
enramados_villager_weapon_dagger_l4,arma,enramados,Arma dagger nível 4,art/source/enramados/enramados_villager.aseprite,art/export/enramados/enramados_villager_weapon_dagger_l4.png,96,96,,48,88,weapon,idle|walk|attack|die|hit|work|build,40,10,empire_working,P2,2,TODO,no,no,"4 níveis por família + a arma saqueada (§09, §22)."
enramados_villager_weapon_hammer_l1,arma,enramados,Arma hammer nível 1,art/source/enramados/enramados_villager.aseprite,art/export/enramados/enramados_villager_weapon_hammer_l1.png,96,96,,48,88,weapon,idle|walk|attack|die|hit|work|build,40,10,empire_working,P1,1,TODO,no,no,"4 níveis por família + a arma saqueada (§09, §22)."
enramados_villager_weapon_hammer_l2,arma,enramados,Arma hammer nível 2,art/source/enramados/enramados_villager.aseprite,art/export/enramados/enramados_villager_weapon_hammer_l2.png,96,96,,48,88,weapon,idle|walk|attack|die|hit|work|build,40,10,empire_working,P2,2,TODO,no,no,"4 níveis por família + a arma saqueada (§09, §22)."
enramados_villager_weapon_hammer_l3,arma,enramados,Arma hammer nível 3,art/source/enramados/enramados_villager.aseprite,art/export/enramados/enramados_villager_weapon_hammer_l3.png,96,96,,48,88,weapon,idle|walk|attack|die|hit|work|build,40,10,empire_working,P2,2,TODO,no,no,"4 níveis por família + a arma saqueada (§09, §22)."
enramados_villager_weapon_hammer_l4,arma,enramados,Arma hammer nível 4,art/source/enramados/enramados_villager.aseprite,art/export/enramados/enramados_villager_weapon_hammer_l4.png,96,96,,48,88,weapon,idle|walk|attack|die|hit|work|build,40,10,empire_working,P2,2,TODO,no,no,"4 níveis por família + a arma saqueada (§09, §22)."
enramados_villager_weapon_spear_l1,arma,enramados,Arma spear nível 1,art/source/enramados/enramados_villager.aseprite,art/export/enramados/enramados_villager_weapon_spear_l1.png,96,96,,48,88,weapon,idle|walk|attack|die|hit|work|build,40,10,empire_working,P1,1,TODO,no,no,"4 níveis por família + a arma saqueada (§09, §22)."
enramados_villager_weapon_spear_l2,arma,enramados,Arma spear nível 2,art/source/enramados/enramados_villager.aseprite,art/export/enramados/enramados_villager_weapon_spear_l2.png,96,96,,48,88,weapon,idle|walk|attack|die|hit|work|build,40,10,empire_working,P2,2,TODO,no,no,"4 níveis por família + a arma saqueada (§09, §22)."
enramados_villager_weapon_spear_l3,arma,enramados,Arma spear nível 3,art/source/enramados/enramados_villager.aseprite,art/export/enramados/enramados_villager_weapon_spear_l3.png,96,96,,48,88,weapon,idle|walk|attack|die|hit|work|build,40,10,empire_working,P2,2,TODO,no,no,"4 níveis por família + a arma saqueada (§09, §22)."
enramados_villager_weapon_spear_l4,arma,enramados,Arma spear nível 4,art/source/enramados/enramados_villager.aseprite,art/export/enramados/enramados_villager_weapon_spear_l4.png,96,96,,48,88,weapon,idle|walk|attack|die|hit|work|build,40,10,empire_working,P2,2,TODO,no,no,"4 níveis por família + a arma saqueada (§09, §22)."
enramados_villager_weapon_sword_l1,arma,enramados,Arma sword nível 1,art/source/enramados/enramados_villager.aseprite,art/export/enramados/enramados_villager_weapon_sword_l1.png,96,96,,48,88,weapon,idle|walk|attack|die|hit|work|build,40,10,empire_working,P1,1,TODO,no,no,"4 níveis por família + a arma saqueada (§09, §22)."
enramados_villager_weapon_sword_l2,arma,enramados,Arma sword nível 2,art/source/enramados/enramados_villager.aseprite,art/export/enramados/enramados_villager_weapon_sword_l2.png,96,96,,48,88,weapon,idle|walk|attack|die|hit|work|build,40,10,empire_working,P2,2,TODO,no,no,"4 níveis por família + a arma saqueada (§09, §22)."
enramados_villager_weapon_sword_l3,arma,enramados,Arma sword nível 3,art/source/enramados/enramados_villager.aseprite,art/export/enramados/enramados_villager_weapon_sword_l3.png,96,96,,48,88,weapon,idle|walk|attack|die|hit|work|build,40,10,empire_working,P2,2,TODO,no,no,"4 níveis por família + a arma saqueada (§09, §22)."
enramados_villager_weapon_sword_l4,arma,enramados,Arma sword nível 4,art/source/enramados/enramados_villager.aseprite,art/export/enramados/enramados_villager_weapon_sword_l4.png,96,96,,48,88,weapon,idle|walk|attack|die|hit|work|build,40,10,empire_working,P2,2,TODO,no,no,"4 níveis por família + a arma saqueada (§09, §22)."
enramados_villager_shield_l1,arma,enramados,Escudo nível 1,art/source/enramados/enramados_villager.aseprite,art/export/enramados/enramados_villager_shield_l1.png,96,96,,48,88,shield,idle|walk|attack|die|hit|work|build,40,10,empire_working,P2,2,TODO,no,no,Lanceiro.
enramados_villager_shield_l2,arma,enramados,Escudo nível 2,art/source/enramados/enramados_villager.aseprite,art/export/enramados/enramados_villager_shield_l2.png,96,96,,48,88,shield,idle|walk|attack|die|hit|work|build,40,10,empire_working,P2,2,TODO,no,no,Lanceiro.
enramados_villager_shield_l3,arma,enramados,Escudo nível 3,art/source/enramados/enramados_villager.aseprite,art/export/enramados/enramados_villager_shield_l3.png,96,96,,48,88,shield,idle|walk|attack|die|hit|work|build,40,10,empire_working,P2,2,TODO,no,no,Lanceiro.
enramados_villager_shield_l4,arma,enramados,Escudo nível 4,art/source/enramados/enramados_villager.aseprite,art/export/enramados/enramados_villager_shield_l4.png,96,96,,48,88,shield,idle|walk|attack|die|hit|work|build,40,10,empire_working,P2,2,TODO,no,no,Lanceiro.
enramados_monarch_body,personagem,enramados,Corpo-base monarch (escala 3),art/source/enramados/enramados_monarch.aseprite,art/export/enramados/enramados_monarch_body.png,128,128,35×62,64,120,body,idle|walk|attack|die|hit|work|build,40,10,empire_working,P0,1,TODO,no,no,O rei da varanda com coroa torta (§04). Design fechado.
enramados_monarch_face,personagem,enramados,Rostos monarch: normal · hurt · hit · fear (+ angry · charmed · rotten · sleep),art/source/enramados/enramados_monarch.aseprite,art/export/enramados/enramados_monarch_face_<estado>.png,128,128,≈10×10,64,120,face,idle|walk|attack|die|hit|work|build,40,10,empire_working,P1,1,TODO,no,no,"EXPRESSION_GUIDE §2. Fatia vertical: normal, hurt, hit, fear."
enramados_monarch_head_crown_crooked,personagem,enramados,Cabeça crown_crooked,art/source/enramados/enramados_monarch.aseprite,art/export/enramados/enramados_monarch_head_crown_crooked.png,128,128,,64,120,head,idle|walk|attack|die|hit|work|build,40,10,empire_working,P1,1,TODO,no,no,head_pool de units.csv (proposta).
enramados_monarch_weapon_sword_l1,arma,enramados,Arma sword nível 1,art/source/enramados/enramados_monarch.aseprite,art/export/enramados/enramados_monarch_weapon_sword_l1.png,128,128,,64,120,weapon,idle|walk|attack|die|hit|work|build,40,10,empire_working,P1,1,TODO,no,no,"4 níveis por família + a arma saqueada (§09, §22)."
enramados_monarch_weapon_sword_l2,arma,enramados,Arma sword nível 2,art/source/enramados/enramados_monarch.aseprite,art/export/enramados/enramados_monarch_weapon_sword_l2.png,128,128,,64,120,weapon,idle|walk|attack|die|hit|work|build,40,10,empire_working,P2,2,TODO,no,no,"4 níveis por família + a arma saqueada (§09, §22)."
enramados_monarch_weapon_sword_l3,arma,enramados,Arma sword nível 3,art/source/enramados/enramados_monarch.aseprite,art/export/enramados/enramados_monarch_weapon_sword_l3.png,128,128,,64,120,weapon,idle|walk|attack|die|hit|work|build,40,10,empire_working,P2,2,TODO,no,no,"4 níveis por família + a arma saqueada (§09, §22)."
enramados_monarch_weapon_sword_l4,arma,enramados,Arma sword nível 4,art/source/enramados/enramados_monarch.aseprite,art/export/enramados/enramados_monarch_weapon_sword_l4.png,128,128,,64,120,weapon,idle|walk|attack|die|hit|work|build,40,10,empire_working,P2,2,TODO,no,no,"4 níveis por família + a arma saqueada (§09, §22)."
enramados_elite_body,personagem,enramados,Corpo-base elite (escala 3),art/source/enramados/enramados_elite.aseprite,art/export/enramados/enramados_elite_body.png,128,128,35×62,64,120,body,idle|walk|attack|die|hit|work|build,40,10,empire_working,P0,1,TODO,no,no,Berserker e elites de escala 3.
enramados_elite_face,personagem,enramados,Rostos elite: normal · hurt · hit · fear (+ angry · charmed · rotten · sleep),art/source/enramados/enramados_elite.aseprite,art/export/enramados/enramados_elite_face_<estado>.png,128,128,≈10×10,64,120,face,idle|walk|attack|die|hit|work|build,40,10,empire_working,P1,1,TODO,no,no,"EXPRESSION_GUIDE §2. Fatia vertical: normal, hurt, hit, fear."
enramados_elite_head_bare,personagem,enramados,Cabeça bare,art/source/enramados/enramados_elite.aseprite,art/export/enramados/enramados_elite_head_bare.png,128,128,,64,120,head,idle|walk|attack|die|hit|work|build,40,10,empire_working,P1,2,TODO,no,no,head_pool de units.csv (proposta).
enramados_elite_head_root_crown,personagem,enramados,Cabeça root_crown,art/source/enramados/enramados_elite.aseprite,art/export/enramados/enramados_elite_head_root_crown.png,128,128,,64,120,head,idle|walk|attack|die|hit|work|build,40,10,empire_working,P1,2,TODO,no,no,head_pool de units.csv (proposta).
enramados_elite_weapon_club_l1,arma,enramados,Arma club nível 1,art/source/enramados/enramados_elite.aseprite,art/export/enramados/enramados_elite_weapon_club_l1.png,128,128,,64,120,weapon,idle|walk|attack|die|hit|work|build,40,10,empire_working,P1,1,TODO,no,no,"4 níveis por família + a arma saqueada (§09, §22)."
enramados_elite_weapon_club_l2,arma,enramados,Arma club nível 2,art/source/enramados/enramados_elite.aseprite,art/export/enramados/enramados_elite_weapon_club_l2.png,128,128,,64,120,weapon,idle|walk|attack|die|hit|work|build,40,10,empire_working,P2,2,TODO,no,no,"4 níveis por família + a arma saqueada (§09, §22)."
enramados_elite_weapon_club_l3,arma,enramados,Arma club nível 3,art/source/enramados/enramados_elite.aseprite,art/export/enramados/enramados_elite_weapon_club_l3.png,128,128,,64,120,weapon,idle|walk|attack|die|hit|work|build,40,10,empire_working,P2,2,TODO,no,no,"4 níveis por família + a arma saqueada (§09, §22)."
enramados_elite_weapon_club_l4,arma,enramados,Arma club nível 4,art/source/enramados/enramados_elite.aseprite,art/export/enramados/enramados_elite_weapon_club_l4.png,128,128,,64,120,weapon,idle|walk|attack|die|hit|work|build,40,10,empire_working,P2,2,TODO,no,no,"4 níveis por família + a arma saqueada (§09, §22)."
portuarios_squire_kit,personagem,portuarios,Corpo-base squire com todas as camadas (escala 1),art/source/portuarios/portuarios_squire.aseprite,art/export/portuarios/portuarios_squire_<camada>.png,64,64,≈22×34,32,56,body|face|head|weapon|shield|overlay,idle|walk|attack|die|hit|run|work|carry|flee|interact|celebrate|sleep,68,10,empire_working,P3,7,TODO,no,no,Expandir por camada no início da fase do povo.
portuarios_villager_kit,personagem,portuarios,Corpo-base villager com todas as camadas (escala 2),art/source/portuarios/portuarios_villager.aseprite,art/export/portuarios/portuarios_villager_<camada>.png,96,96,24×47,48,88,body|face|head|weapon|shield|overlay,idle|walk|attack|die|hit|run|work|carry|flee|interact|celebrate|sleep,68,10,empire_working,P3,7,TODO,no,no,Expandir por camada no início da fase do povo.
portuarios_monarch_kit,personagem,portuarios,Corpo-base monarch com todas as camadas (escala 3),art/source/portuarios/portuarios_monarch.aseprite,art/export/portuarios/portuarios_monarch_<camada>.png,128,128,35×62,64,120,body|face|head|weapon|shield|overlay,idle|walk|attack|die|hit|run|work|carry|flee|interact|celebrate|sleep,68,10,empire_working,P3,7,TODO,no,no,Expandir por camada no início da fase do povo.
portuarios_elite_kit,personagem,portuarios,Corpo-base elite com todas as camadas (escala 3),art/source/portuarios/portuarios_elite.aseprite,art/export/portuarios/portuarios_elite_<camada>.png,128,128,35×62,64,120,body|face|head|weapon|shield|overlay,idle|walk|attack|die|hit|run|work|carry|flee|interact|celebrate|sleep,68,10,empire_working,P3,7,TODO,no,no,Expandir por camada no início da fase do povo.
fenda_squire_kit,personagem,fenda,Corpo-base squire com todas as camadas (escala 1),art/source/fenda/fenda_squire.aseprite,art/export/fenda/fenda_squire_<camada>.png,64,64,≈22×34,32,56,body|face|head|weapon|shield|overlay,idle|walk|attack|die|hit|run|work|carry|flee|interact|celebrate|sleep,68,10,empire_working,P3,7,TODO,no,no,Expandir por camada no início da fase do povo.
fenda_villager_kit,personagem,fenda,Corpo-base villager com todas as camadas (escala 2),art/source/fenda/fenda_villager.aseprite,art/export/fenda/fenda_villager_<camada>.png,96,96,24×47,48,88,body|face|head|weapon|shield|overlay,idle|walk|attack|die|hit|run|work|carry|flee|interact|celebrate|sleep,68,10,empire_working,P3,7,TODO,no,no,Expandir por camada no início da fase do povo.
fenda_monarch_kit,personagem,fenda,Corpo-base monarch com todas as camadas (escala 3),art/source/fenda/fenda_monarch.aseprite,art/export/fenda/fenda_monarch_<camada>.png,128,128,35×62,64,120,body|face|head|weapon|shield|overlay,idle|walk|attack|die|hit|run|work|carry|flee|interact|celebrate|sleep,68,10,empire_working,P3,7,TODO,no,no,Expandir por camada no início da fase do povo.
fenda_elite_kit,personagem,fenda,Corpo-base elite com todas as camadas (escala 3),art/source/fenda/fenda_elite.aseprite,art/export/fenda/fenda_elite_<camada>.png,128,128,35×62,64,120,body|face|head|weapon|shield|overlay,idle|walk|attack|die|hit|run|work|carry|flee|interact|celebrate|sleep,68,10,empire_working,P3,7,TODO,no,no,Expandir por camada no início da fase do povo.
horta_squire_kit,personagem,horta,Corpo-base squire com todas as camadas (escala 1),art/source/horta/horta_squire.aseprite,art/export/horta/horta_squire_<camada>.png,64,64,≈22×34,32,56,body|face|head|weapon|shield|overlay,idle|walk|attack|die|hit|run|work|carry|flee|interact|celebrate|sleep,68,10,empire_working,P3,7,TODO,no,no,Expandir por camada no início da fase do povo.
horta_villager_kit,personagem,horta,Corpo-base villager com todas as camadas (escala 2),art/source/horta/horta_villager.aseprite,art/export/horta/horta_villager_<camada>.png,96,96,24×47,48,88,body|face|head|weapon|shield|overlay,idle|walk|attack|die|hit|run|work|carry|flee|interact|celebrate|sleep,68,10,empire_working,P3,7,DRAWING,no,no,Archer Leek — §01. Expandir por camada no início da fase do povo.
horta_monarch_kit,personagem,horta,Corpo-base monarch com todas as camadas (escala 3),art/source/horta/horta_monarch.aseprite,art/export/horta/horta_monarch_<camada>.png,128,128,35×62,64,120,body|face|head|weapon|shield|overlay,idle|walk|attack|die|hit|run|work|carry|flee|interact|celebrate|sleep,68,10,empire_working,P3,7,TODO,no,no,Expandir por camada no início da fase do povo.
horta_elite_kit,personagem,horta,Corpo-base elite com todas as camadas (escala 3),art/source/horta/horta_elite.aseprite,art/export/horta/horta_elite_<camada>.png,128,128,35×62,64,120,body|face|head|weapon|shield|overlay,idle|walk|attack|die|hit|run|work|carry|flee|interact|celebrate|sleep,68,10,empire_working,P3,7,DRAWING,no,no,"Knight Potato (35×64, idle 6 frames) — §01. Expandir por camada no início da fase do povo."
fornalha_squire_kit,personagem,fornalha,Corpo-base squire com todas as camadas (escala 1),art/source/fornalha/fornalha_squire.aseprite,art/export/fornalha/fornalha_squire_<camada>.png,64,64,≈22×34,32,56,body|face|head|weapon|shield|overlay,idle|walk|attack|die|hit|run|work|carry|flee|interact|celebrate|sleep,68,10,empire_working,P3,7,TODO,no,no,Expandir por camada no início da fase do povo.
fornalha_villager_kit,personagem,fornalha,Corpo-base villager com todas as camadas (escala 2),art/source/fornalha/fornalha_villager.aseprite,art/export/fornalha/fornalha_villager_<camada>.png,96,96,24×47,48,88,body|face|head|weapon|shield|overlay,idle|walk|attack|die|hit|run|work|carry|flee|interact|celebrate|sleep,68,10,empire_working,P3,7,TODO,no,no,Expandir por camada no início da fase do povo.
fornalha_monarch_kit,personagem,fornalha,Corpo-base monarch com todas as camadas (escala 3),art/source/fornalha/fornalha_monarch.aseprite,art/export/fornalha/fornalha_monarch_<camada>.png,128,128,35×62,64,120,body|face|head|weapon|shield|overlay,idle|walk|attack|die|hit|run|work|carry|flee|interact|celebrate|sleep,68,10,empire_working,P3,7,TODO,no,no,Expandir por camada no início da fase do povo.
fornalha_elite_kit,personagem,fornalha,Corpo-base elite com todas as camadas (escala 3),art/source/fornalha/fornalha_elite.aseprite,art/export/fornalha/fornalha_elite_<camada>.png,128,128,35×62,64,120,body|face|head|weapon|shield|overlay,idle|walk|attack|die|hit|run|work|carry|flee|interact|celebrate|sleep,68,10,empire_working,P3,7,TODO,no,no,Expandir por camada no início da fase do povo.
sobraiz_squire_kit,personagem,sobraiz,Corpo-base squire com todas as camadas (escala 1),art/source/sobraiz/sobraiz_squire.aseprite,art/export/sobraiz/sobraiz_squire_<camada>.png,64,64,≈22×34,32,56,body|face|head|weapon|shield|overlay,idle|walk|attack|die|hit|run|work|carry|flee|interact|celebrate|sleep,68,10,empire_working,P3,7,TODO,no,no,Expandir por camada no início da fase do povo.
sobraiz_villager_kit,personagem,sobraiz,Corpo-base villager com todas as camadas (escala 2),art/source/sobraiz/sobraiz_villager.aseprite,art/export/sobraiz/sobraiz_villager_<camada>.png,96,96,24×47,48,88,body|face|head|weapon|shield|overlay,idle|walk|attack|die|hit|run|work|carry|flee|interact|celebrate|sleep,68,10,empire_working,P3,7,TODO,no,no,Expandir por camada no início da fase do povo.
sobraiz_monarch_kit,personagem,sobraiz,Corpo-base monarch com todas as camadas (escala 3),art/source/sobraiz/sobraiz_monarch.aseprite,art/export/sobraiz/sobraiz_monarch_<camada>.png,128,128,35×62,64,120,body|face|head|weapon|shield|overlay,idle|walk|attack|die|hit|run|work|carry|flee|interact|celebrate|sleep,68,10,empire_working,P3,7,TODO,no,no,Expandir por camada no início da fase do povo.
sobraiz_elite_kit,personagem,sobraiz,Corpo-base elite com todas as camadas (escala 3),art/source/sobraiz/sobraiz_elite.aseprite,art/export/sobraiz/sobraiz_elite_<camada>.png,128,128,35×62,64,120,body|face|head|weapon|shield|overlay,idle|walk|attack|die|hit|run|work|carry|flee|interact|celebrate|sleep,68,10,empire_working,P3,7,TODO,no,no,Expandir por camada no início da fase do povo.
neutral_buried_knight,personagem,neutral,Cavaleiro Enterrado,art/source/neutral/neutral_buried_knight.aseprite,art/export/neutral/neutral_buried_knight_<camada>.png,128,128,35×62,64,120,body|face|overlay,idle|walk|attack|die|hit|heal,36,10,empire_working,P3,6,TODO,no,no,Cura sentado; a vegetação é efeito (§08).
neutral_sealed_knight,personagem,neutral,Cavaleiro Selado com o cavalo,art/source/neutral/neutral_sealed_knight.aseprite,art/export/neutral/neutral_sealed_knight_<camada>.png,192,192,,96,184,body|face|overlay,idle|ride|attack|die|hit,34,10,empire_working,P3,6,TODO,no,no,Corpo + cavalo no mesmo body (ASSET_BIBLE §2).
rot_crawler,criatura,rot,Crawler,art/source/rot/rot_crawler.aseprite,art/export/rot/rot_crawler_<camada>.png,64,64,,32,56,body|face|overlay,spawn|idle|walk|attack|die,30,10,empire_working,P1,1,TODO,no,no,Design por fazer; o vocabulário visual existe (§22). A dissolução é shader.
rot_winged,criatura,rot,Winged,art/source/rot/rot_winged.aseprite,art/export/rot/rot_winged_<camada>.png,96,96,,48,88,body|face|overlay,spawn|idle|walk|attack|die,30,10,empire_working,P1,1,TODO,no,no,Design por fazer; o vocabulário visual existe (§22). A dissolução é shader.
rot_brute,criatura,rot,Brute,art/source/rot/rot_brute.aseprite,art/export/rot/rot_brute_<camada>.png,128,128,,64,120,body|face|overlay,spawn|idle|walk|attack|die,30,10,empire_working,P1,1,TODO,no,no,Design por fazer; o vocabulário visual existe (§22). A dissolução é shader.
rot_burrower,criatura,rot,Burrower,art/source/rot/rot_burrower.aseprite,art/export/rot/rot_burrower_<camada>.png,96,96,,48,88,body|face|overlay,spawn|idle|walk|attack|die,30,10,empire_working,P3,3,TODO,no,no,Design por fazer; o vocabulário visual existe (§22). A dissolução é shader.
rot_slime_ram,criatura,rot,Slime_Ram,art/source/rot/rot_slime_ram.aseprite,art/export/rot/rot_slime_ram_<camada>.png,256,256,,128,248,body|face|overlay,spawn|idle|walk|attack|die,30,10,empire_working,P3,6,TODO,no,no,Design por fazer; o vocabulário visual existe (§22). A dissolução é shader.
rot_devourer,criatura,rot,Devourer,art/source/rot/rot_devourer.aseprite,art/export/rot/rot_devourer_<camada>.png,256,256,,128,248,body|face|overlay,spawn|idle|walk|attack|die,30,10,empire_working,P3,6,TODO,no,no,Design por fazer; o vocabulário visual existe (§22). A dissolução é shader.
mount_draft_horse,montaria,neutral,Draft_Horse,art/source/neutral/mount_draft_horse.aseprite,art/export/neutral/mount_draft_horse_<camada>.png,128,128,,64,120,body|overlay,idle|walk|run|hurt,22,10,empire_working,P3,6,TODO,no,no,Montado: combina com o body do cavaleiro por socket_carry.
mount_boar,montaria,neutral,Boar,art/source/neutral/mount_boar.aseprite,art/export/neutral/mount_boar_<camada>.png,128,128,,64,120,body|overlay,idle|walk|run|hurt,22,10,empire_working,P3,6,TODO,no,no,Montado: combina com o body do cavaleiro por socket_carry.
mount_lizard,montaria,neutral,Lizard,art/source/neutral/mount_lizard.aseprite,art/export/neutral/mount_lizard_<camada>.png,128,128,,64,120,body|overlay,idle|walk|run|hurt,22,10,empire_working,P3,6,TODO,no,no,Montado: combina com o body do cavaleiro por socket_carry.
mount_dragonfly_mount,montaria,neutral,Dragonfly,art/source/neutral/mount_dragonfly_mount.aseprite,art/export/neutral/mount_dragonfly_mount_<camada>.png,128,128,,64,120,body|overlay,idle|walk|run|hurt,22,10,empire_working,P3,6,TODO,no,no,Montado: combina com o body do cavaleiro por socket_carry.
mount_rot_elk,montaria,neutral,Rot_Elk,art/source/neutral/mount_rot_elk.aseprite,art/export/neutral/mount_rot_elk_<camada>.png,128,128,,64,120,body|overlay,idle|walk|run|hurt,22,10,empire_working,P3,6,TODO,no,no,Montado: combina com o body do cavaleiro por socket_carry.
wildlife_rabbit,fauna,neutral,Rabbit,art/source/neutral/wildlife_rabbit.aseprite,art/export/neutral/wildlife_rabbit.png,64,64,,32,56,body,idle|run|die,14,10,empire_working,P1,1,TODO,no,no,O javali-fauna e o javali-montaria podem partilhar o desenho.
wildlife_deer,fauna,neutral,Deer,art/source/neutral/wildlife_deer.aseprite,art/export/neutral/wildlife_deer.png,64,64,,32,56,body,idle|run|die,14,10,empire_working,P1,1,TODO,no,no,O javali-fauna e o javali-montaria podem partilhar o desenho.
wildlife_boar,fauna,neutral,Boar,art/source/neutral/wildlife_boar.aseprite,art/export/neutral/wildlife_boar.png,64,64,,32,56,body,idle|run|die,14,10,empire_working,P2,2,TODO,no,no,O javali-fauna e o javali-montaria podem partilhar o desenho.
companion_sniffer,companheiro,neutral,Sniffer,art/source/neutral/companion_sniffer.aseprite,art/export/neutral/companion_sniffer.png,64,64,,32,56,body|face|overlay,idle|walk|eat|grow,24,10,empire_working,P3,6,DRAWING,no,no,"Healing Frog (§01, §08) se for o farejador."
companion_herald,companheiro,neutral,Herald,art/source/neutral/companion_herald.aseprite,art/export/neutral/companion_herald.png,64,64,,32,56,body|face|overlay,idle|walk|eat|grow,24,10,empire_working,P3,6,TODO,no,no,
companion_magpie,companheiro,neutral,Magpie,art/source/neutral/companion_magpie.aseprite,art/export/neutral/companion_magpie.png,64,64,,32,56,body|face|overlay,idle|walk|eat|grow,24,10,empire_working,P3,6,TODO,no,no,
portuarios_barge,veículo,portuarios,Barge,art/source/portuarios/portuarios_barge.aseprite,art/export/portuarios/portuarios_barge.png,256,256,,128,248,body|overlay,idle|move|attack,18,10,empire_working,P3,7,TODO,no,no,
fenda_counterweight_ram,veículo,fenda,Counterweight_Ram,art/source/fenda/fenda_counterweight_ram.aseprite,art/export/fenda/fenda_counterweight_ram.png,256,256,,128,248,body|overlay,idle|move|attack,18,10,empire_working,P3,7,TODO,no,no,
enramados_core,edifício,enramados,Core,art/source/enramados/buildings/enramados_core.aseprite,art/export/enramados/buildings/enramados_core.png,496,320,480×≈280,248,320,—,empty|scaffold|building|done|damaged|ruin,9,,empire_working,P1,2,TODO,no,no,Um dos 7 do ciclo de 10 dias (§22).
enramados_training_house,edifício,enramados,Training House,art/source/enramados/buildings/enramados_training_house.aseprite,art/export/enramados/buildings/enramados_training_house.png,136,160,120×≈130,68,160,—,empty|scaffold|building|done|damaged|ruin,9,,empire_working,P1,2,TODO,no,no,Um dos 7 do ciclo de 10 dias (§22).
enramados_forge,edifício,enramados,Forge,art/source/enramados/buildings/enramados_forge.aseprite,art/export/enramados/buildings/enramados_forge.png,136,160,120×≈130,68,160,—,empty|scaffold|building|done|damaged|ruin,9,,empire_working,P1,2,TODO,no,no,Um dos 7 do ciclo de 10 dias (§22). Luz quente pontual.
enramados_kitchen,edifício,enramados,Kitchen,art/source/enramados/buildings/enramados_kitchen.aseprite,art/export/enramados/buildings/enramados_kitchen.png,136,160,120×≈130,68,160,—,empty|scaffold|building|done|damaged|ruin,9,,empire_working,P1,2,TODO,no,no,Um dos 7 do ciclo de 10 dias (§22). Luz quente pontual.
enramados_embassy,edifício,enramados,Embassy,art/source/enramados/buildings/enramados_embassy.aseprite,art/export/enramados/buildings/enramados_embassy.png,136,160,120×≈130,68,160,—,empty|scaffold|building|done|damaged|ruin,9,,empire_working,P3,6,TODO,no,no,
enramados_heir_house,edifício,enramados,Heir House,art/source/enramados/buildings/enramados_heir_house.aseprite,art/export/enramados/buildings/enramados_heir_house.png,136,160,120×≈130,68,160,—,empty|scaffold|building|done|damaged|ruin,9,,empire_working,P3,6,TODO,no,no,
enramados_root_sanctuary,edifício,enramados,Root Sanctuary,art/source/enramados/buildings/enramados_root_sanctuary.aseprite,art/export/enramados/buildings/enramados_root_sanctuary.png,136,160,120×≈130,68,160,—,empty|scaffold|building|done|damaged|ruin,9,,empire_working,P3,6,TODO,no,no,
enramados_mount_stable,edifício,enramados,Mount Stable,art/source/enramados/buildings/enramados_mount_stable.aseprite,art/export/enramados/buildings/enramados_mount_stable.png,176,160,160×≈130,88,160,—,empty|scaffold|building|done|damaged|ruin,9,,empire_working,P3,6,TODO,no,no,
enramados_farm,edifício,enramados,Farm,art/source/enramados/buildings/enramados_farm.aseprite,art/export/enramados/buildings/enramados_farm.png,112,160,96×≈130,56,160,—,empty|scaffold|building|done|damaged|ruin,9,,empire_working,P1,2,TODO,no,no,Um dos 7 do ciclo de 10 dias (§22).
enramados_fishery,edifício,enramados,Fishery,art/source/enramados/buildings/enramados_fishery.aseprite,art/export/enramados/buildings/enramados_fishery.png,136,160,120×≈130,68,160,—,empty|scaffold|building|done|damaged|ruin,9,,empire_working,P3,6,TODO,no,no,
enramados_henhouse,edifício,enramados,Henhouse,art/source/enramados/buildings/enramados_henhouse.aseprite,art/export/enramados/buildings/enramados_henhouse.png,112,160,96×≈130,56,160,—,empty|scaffold|building|done|damaged|ruin,9,,empire_working,P1,2,TODO,no,no,Um dos 7 do ciclo de 10 dias (§22).
enramados_cow_stable,edifício,enramados,Cow Stable,art/source/enramados/buildings/enramados_cow_stable.aseprite,art/export/enramados/buildings/enramados_cow_stable.png,176,160,160×≈130,88,160,—,empty|scaffold|building|done|damaged|ruin,9,,empire_working,P3,6,TODO,no,no,
enramados_lumber_camp,edifício,enramados,Lumber Camp,art/source/enramados/buildings/enramados_lumber_camp.aseprite,art/export/enramados/buildings/enramados_lumber_camp.png,136,160,120×≈130,68,160,—,empty|scaffold|building|done|damaged|ruin,9,,empire_working,P3,6,TODO,no,no,
enramados_ore_pit,edifício,enramados,Ore Pit,art/source/enramados/buildings/enramados_ore_pit.aseprite,art/export/enramados/buildings/enramados_ore_pit.png,136,160,120×≈130,68,160,—,empty|scaffold|building|done|damaged|ruin,9,,empire_working,P3,6,TODO,no,no,
enramados_granary,edifício,enramados,Granary,art/source/enramados/buildings/enramados_granary.aseprite,art/export/enramados/buildings/enramados_granary.png,136,160,120×≈130,68,160,—,empty|scaffold|building|done|damaged|ruin,9,,empire_working,P1,2,TODO,no,no,Um dos 7 do ciclo de 10 dias (§22).
enramados_saltery,edifício,enramados,Saltery,art/source/enramados/buildings/enramados_saltery.aseprite,art/export/enramados/buildings/enramados_saltery.png,136,160,120×≈130,68,160,—,empty|scaffold|building|done|damaged|ruin,9,,empire_working,P3,6,TODO,no,no,
enramados_pen,edifício,enramados,Pen,art/source/enramados/buildings/enramados_pen.aseprite,art/export/enramados/buildings/enramados_pen.png,136,160,120×≈130,68,160,—,empty|scaffold|building|done|damaged|ruin,9,,empire_working,P3,6,TODO,no,no,
enramados_sawmill,edifício,enramados,Sawmill,art/source/enramados/buildings/enramados_sawmill.aseprite,art/export/enramados/buildings/enramados_sawmill.png,136,160,120×≈130,68,160,—,empty|scaffold|building|done|damaged|ruin,9,,empire_working,P3,6,TODO,no,no,
enramados_smelter,edifício,enramados,Smelter,art/source/enramados/buildings/enramados_smelter.aseprite,art/export/enramados/buildings/enramados_smelter.png,136,160,120×≈130,68,160,—,empty|scaffold|building|done|damaged|ruin,9,,empire_working,P3,6,TODO,no,no,
enramados_archer_tower,edifício,enramados,Archer Tower,art/source/enramados/buildings/enramados_archer_tower.aseprite,art/export/enramados/buildings/enramados_archer_tower.png,80,160,64×≈130,40,160,—,empty|scaffold|building|done|damaged|ruin,9,,empire_working,P2,2,TODO,no,no,
enramados_high_tower,edifício,enramados,High Tower,art/source/enramados/buildings/enramados_high_tower.aseprite,art/export/enramados/buildings/enramados_high_tower.png,80,160,64×≈130,40,160,—,empty|scaffold|building|done|damaged|ruin,9,,empire_working,P2,2,TODO,no,no,
enramados_fire_barrel,edifício,enramados,Fire Barrel,art/source/enramados/buildings/enramados_fire_barrel.aseprite,art/export/enramados/buildings/enramados_fire_barrel.png,48,160,32×≈130,24,160,—,empty|scaffold|building|done|damaged|ruin,9,,empire_working,P2,2,TODO,no,no,
enramados_root_moat,edifício,enramados,Root Moat,art/source/enramados/buildings/enramados_root_moat.aseprite,art/export/enramados/buildings/enramados_root_moat.png,112,160,96×≈130,56,160,—,empty|scaffold|building|done|damaged|ruin,9,,empire_working,P3,6,TODO,no,no,
enramados_lighthouse,edifício,enramados,Lighthouse,art/source/enramados/buildings/enramados_lighthouse.aseprite,art/export/enramados/buildings/enramados_lighthouse.png,80,160,64×≈130,40,160,—,empty|scaffold|building|done|damaged|ruin,9,,empire_working,P3,6,TODO,no,no, Luz quente pontual.
enramados_consecrated_altar,edifício,enramados,Consecrated Altar,art/source/enramados/buildings/enramados_consecrated_altar.aseprite,art/export/enramados/buildings/enramados_consecrated_altar.png,112,160,96×≈130,56,160,—,empty|scaffold|building|done|damaged|ruin,9,,empire_working,P3,6,TODO,no,no,
portuarios_buildings_kit,edifício,portuarios,Kit de edifícios (25 peças),art/source/portuarios/buildings/,art/export/portuarios/buildings/,,,,,,—,empty|scaffold|building|done|damaged|ruin,,,empire_working,P3,7,TODO,no,no,"Mesma mecânica, fonte arquitectónica do povo (§22). Expandir por edifício na fase do povo."
fenda_buildings_kit,edifício,fenda,Kit de edifícios (25 peças),art/source/fenda/buildings/,art/export/fenda/buildings/,,,,,,—,empty|scaffold|building|done|damaged|ruin,,,empire_working,P3,7,TODO,no,no,"Mesma mecânica, fonte arquitectónica do povo (§22). Expandir por edifício na fase do povo."
horta_buildings_kit,edifício,horta,Kit de edifícios (25 peças),art/source/horta/buildings/,art/export/horta/buildings/,,,,,,—,empty|scaffold|building|done|damaged|ruin,,,empire_working,P3,7,TODO,no,no,"Mesma mecânica, fonte arquitectónica do povo (§22). Expandir por edifício na fase do povo."
fornalha_buildings_kit,edifício,fornalha,Kit de edifícios (25 peças),art/source/fornalha/buildings/,art/export/fornalha/buildings/,,,,,,—,empty|scaffold|building|done|damaged|ruin,,,empire_working,P3,7,TODO,no,no,"Mesma mecânica, fonte arquitectónica do povo (§22). Expandir por edifício na fase do povo."
sobraiz_buildings_kit,edifício,sobraiz,Kit de edifícios (25 peças),art/source/sobraiz/buildings/,art/export/sobraiz/buildings/,,,,,,—,empty|scaffold|building|done|damaged|ruin,,,empire_working,P3,7,TODO,no,no,"Mesma mecânica, fonte arquitectónica do povo (§22). Expandir por edifício na fase do povo."
enramados_wall_l1_segment,muralha,enramados,Stakes — segment,art/source/enramados/walls/enramados_wall_l1_segment.aseprite,art/export/enramados/walls/enramados_wall_l1_segment.png,64,192,,32,192,—,done|damaged|breached,3,,empire_working,P1,2,TODO,no,no,Material: logs.
enramados_wall_l1_cap,muralha,enramados,Stakes — cap,art/source/enramados/walls/enramados_wall_l1_cap.aseprite,art/export/enramados/walls/enramados_wall_l1_cap.png,64,192,,32,192,—,done|damaged|breached,3,,empire_working,P1,2,TODO,no,no,Material: logs.
enramados_wall_l1_gate,muralha,enramados,Stakes — gate,art/source/enramados/walls/enramados_wall_l1_gate.aseprite,art/export/enramados/walls/enramados_wall_l1_gate.png,64,192,,32,192,—,done|damaged|breached,3,,empire_working,P1,2,TODO,no,no,Material: logs.
enramados_wall_l2_segment,muralha,enramados,Palisade — segment,art/source/enramados/walls/enramados_wall_l2_segment.aseprite,art/export/enramados/walls/enramados_wall_l2_segment.png,64,192,,32,192,—,done|damaged|breached,3,,empire_working,P1,2,TODO,no,no,Material: reinforced_wood.
enramados_wall_l2_cap,muralha,enramados,Palisade — cap,art/source/enramados/walls/enramados_wall_l2_cap.aseprite,art/export/enramados/walls/enramados_wall_l2_cap.png,64,192,,32,192,—,done|damaged|breached,3,,empire_working,P1,2,TODO,no,no,Material: reinforced_wood.
enramados_wall_l2_gate,muralha,enramados,Palisade — gate,art/source/enramados/walls/enramados_wall_l2_gate.aseprite,art/export/enramados/walls/enramados_wall_l2_gate.png,64,192,,32,192,—,done|damaged|breached,3,,empire_working,P1,2,TODO,no,no,Material: reinforced_wood.
enramados_wall_l3_segment,muralha,enramados,Stone — segment,art/source/enramados/walls/enramados_wall_l3_segment.aseprite,art/export/enramados/walls/enramados_wall_l3_segment.png,64,192,,32,192,—,done|damaged|breached,3,,empire_working,P1,2,TODO,no,no,Material: stone.
enramados_wall_l3_cap,muralha,enramados,Stone — cap,art/source/enramados/walls/enramados_wall_l3_cap.aseprite,art/export/enramados/walls/enramados_wall_l3_cap.png,64,192,,32,192,—,done|damaged|breached,3,,empire_working,P1,2,TODO,no,no,Material: stone.
enramados_wall_l3_gate,muralha,enramados,Stone — gate,art/source/enramados/walls/enramados_wall_l3_gate.aseprite,art/export/enramados/walls/enramados_wall_l3_gate.png,64,192,,32,192,—,done|damaged|breached,3,,empire_working,P1,2,TODO,no,no,Material: stone.
enramados_wall_l4_segment,muralha,enramados,Iron — segment,art/source/enramados/walls/enramados_wall_l4_segment.aseprite,art/export/enramados/walls/enramados_wall_l4_segment.png,64,192,,32,192,—,done|damaged|breached,3,,empire_working,P2,2,TODO,no,no,Material: iron.
enramados_wall_l4_cap,muralha,enramados,Iron — cap,art/source/enramados/walls/enramados_wall_l4_cap.aseprite,art/export/enramados/walls/enramados_wall_l4_cap.png,64,192,,32,192,—,done|damaged|breached,3,,empire_working,P2,2,TODO,no,no,Material: iron.
enramados_wall_l4_gate,muralha,enramados,Iron — gate,art/source/enramados/walls/enramados_wall_l4_gate.aseprite,art/export/enramados/walls/enramados_wall_l4_gate.png,64,192,,32,192,—,done|damaged|breached,3,,empire_working,P2,2,TODO,no,no,Material: iron.
enramados_wall_l5_segment,muralha,enramados,Bastion — segment,art/source/enramados/walls/enramados_wall_l5_segment.aseprite,art/export/enramados/walls/enramados_wall_l5_segment.png,64,192,,32,192,—,done|damaged|breached,3,,empire_working,P2,2,TODO,no,no,Material: bastion.
enramados_wall_l5_cap,muralha,enramados,Bastion — cap,art/source/enramados/walls/enramados_wall_l5_cap.aseprite,art/export/enramados/walls/enramados_wall_l5_cap.png,64,192,,32,192,—,done|damaged|breached,3,,empire_working,P2,2,TODO,no,no,Material: bastion.
enramados_wall_l5_gate,muralha,enramados,Bastion — gate,art/source/enramados/walls/enramados_wall_l5_gate.aseprite,art/export/enramados/walls/enramados_wall_l5_gate.png,64,192,,32,192,—,done|damaged|breached,3,,empire_working,P2,2,TODO,no,no,Material: bastion.
portuarios_walls_kit,muralha,portuarios,Muralhas 5 níveis × 3 peças,art/source/portuarios/walls/,art/export/portuarios/walls/,64,192,,32,192,—,done|damaged|breached,45,,empire_working,P3,7,TODO,no,no,Swap de tileset e paleta por PeopleData (§10).
fenda_walls_kit,muralha,fenda,Muralhas 5 níveis × 3 peças,art/source/fenda/walls/,art/export/fenda/walls/,64,192,,32,192,—,done|damaged|breached,45,,empire_working,P3,7,TODO,no,no,Swap de tileset e paleta por PeopleData (§10).
horta_walls_kit,muralha,horta,Muralhas 5 níveis × 3 peças,art/source/horta/walls/,art/export/horta/walls/,64,192,,32,192,—,done|damaged|breached,45,,empire_working,P3,7,TODO,no,no,Swap de tileset e paleta por PeopleData (§10).
fornalha_walls_kit,muralha,fornalha,Muralhas 5 níveis × 3 peças,art/source/fornalha/walls/,art/export/fornalha/walls/,64,192,,32,192,—,done|damaged|breached,45,,empire_working,P3,7,TODO,no,no,Swap de tileset e paleta por PeopleData (§10).
sobraiz_labyrinth_kit,muralha,sobraiz,Labirinto (em vez de muralhas),art/source/sobraiz/walls/,art/export/sobraiz/walls/,,,,,,—,done|damaged,,,empire_working,P3,7,TODO,no,no,"Os Sob-Raiz não têm muralhas — têm labirinto (§04, §10)."
ancient_forest_tiles_surface,terreno,enramados,Tileset surface,art/source/ancient_forest/tiles/ancient_forest_tiles_surface.aseprite,art/export/ancient_forest/tiles/ancient_forest_tiles_surface.png,512,256,tiles de 32,,,—,—,1,,empire_working,P1,2,DRAWING,no,no,4 tilesets em curso (§22). Cluster 2×2.
ancient_forest_tiles_soil,terreno,enramados,Tileset soil,art/source/ancient_forest/tiles/ancient_forest_tiles_soil.aseprite,art/export/ancient_forest/tiles/ancient_forest_tiles_soil.png,512,256,tiles de 32,,,—,—,1,,empire_working,P1,2,DRAWING,no,no,4 tilesets em curso (§22). Cluster 2×2.
ancient_forest_tiles_cavity,terreno,enramados,Tileset cavity,art/source/ancient_forest/tiles/ancient_forest_tiles_cavity.aseprite,art/export/ancient_forest/tiles/ancient_forest_tiles_cavity.png,512,256,tiles de 32,,,—,—,1,,empire_working,P1,2,DRAWING,no,no,4 tilesets em curso (§22). Cluster 2×2.
ancient_forest_tiles_transition,terreno,enramados,Tileset transition,art/source/ancient_forest/tiles/ancient_forest_tiles_transition.aseprite,art/export/ancient_forest/tiles/ancient_forest_tiles_transition.png,512,256,tiles de 32,,,—,—,1,,empire_working,P1,2,DRAWING,no,no,4 tilesets em curso (§22). Cluster 2×2.
ancient_forest_veg_grass,vegetação,enramados,grass × 4 variantes,art/source/ancient_forest/props/ancient_forest_veg_grass.aseprite,art/export/ancient_forest/props/ancient_forest_veg_grass_<vv>.png,32,32,,16,32,—,sway,4,6,empire_working,P2,2,TODO,no,no,"MultiMeshInstance2D, nunca Sprite2D por tufo (§59)."
ancient_forest_veg_flowers,vegetação,enramados,flowers × 4 variantes,art/source/ancient_forest/props/ancient_forest_veg_flowers.aseprite,art/export/ancient_forest/props/ancient_forest_veg_flowers_<vv>.png,32,32,,16,32,—,sway,4,6,empire_working,P2,2,TODO,no,no,"MultiMeshInstance2D, nunca Sprite2D por tufo (§59)."
ancient_forest_veg_stones,vegetação,enramados,stones × 4 variantes,art/source/ancient_forest/props/ancient_forest_veg_stones.aseprite,art/export/ancient_forest/props/ancient_forest_veg_stones_<vv>.png,32,32,,16,32,—,sway,4,6,empire_working,P2,2,TODO,no,no,"MultiMeshInstance2D, nunca Sprite2D por tufo (§59)."
ancient_forest_veg_bushes,vegetação,enramados,bushes × 4 variantes,art/source/ancient_forest/props/ancient_forest_veg_bushes.aseprite,art/export/ancient_forest/props/ancient_forest_veg_bushes_<vv>.png,32,32,,16,32,—,sway,4,6,empire_working,P2,2,TODO,no,no,"MultiMeshInstance2D, nunca Sprite2D por tufo (§59)."
ancient_forest_veg_roots,vegetação,enramados,roots × 4 variantes,art/source/ancient_forest/props/ancient_forest_veg_roots.aseprite,art/export/ancient_forest/props/ancient_forest_veg_roots_<vv>.png,32,32,,16,32,—,sway,4,6,empire_working,P2,2,TODO,no,no,"MultiMeshInstance2D, nunca Sprite2D por tufo (§59)."
enramados_prop_castle_tree_ruin,prop,enramados,Assunto: castle_tree_ruin,art/source/enramados/props/enramados_prop_castle_tree_ruin.aseprite,art/export/enramados/props/enramados_prop_castle_tree_ruin.png,,,,,,—,—,1,,empire_working,P2,2,TODO,no,no,O assunto do segmento abertura (§25) (§21 regra 2).
enramados_prop_well,prop,enramados,Assunto: well,art/source/enramados/props/enramados_prop_well.aseprite,art/export/enramados/props/enramados_prop_well.png,,,,,,—,—,1,,empire_working,P2,2,TODO,no,no,O assunto do segmento empty_01 (§21 regra 2).
enramados_prop_broken_cart,prop,enramados,Assunto: broken_cart,art/source/enramados/props/enramados_prop_broken_cart.aseprite,art/export/enramados/props/enramados_prop_broken_cart.png,,,,,,—,—,1,,empire_working,P2,2,TODO,no,no,O assunto do segmento empty_02 (§21 regra 2).
enramados_prop_standing_stone,prop,enramados,Assunto: standing_stone,art/source/enramados/props/enramados_prop_standing_stone.aseprite,art/export/enramados/props/enramados_prop_standing_stone.png,,,,,,—,—,1,,empire_working,P2,2,TODO,no,no,O assunto do segmento empty_03 (§21 regra 2).
enramados_prop_fallen_giant,prop,enramados,Assunto: fallen_giant,art/source/enramados/props/enramados_prop_fallen_giant.aseprite,art/export/enramados/props/enramados_prop_fallen_giant.png,,,,,,—,—,1,,empire_working,P2,2,TODO,no,no,O assunto do segmento forest_01 (§21 regra 2).
enramados_prop_collapsed_arch,prop,enramados,Assunto: collapsed_arch,art/source/enramados/props/enramados_prop_collapsed_arch.aseprite,art/export/enramados/props/enramados_prop_collapsed_arch.png,,,,,,—,—,1,,empire_working,P2,2,TODO,no,no,O assunto do segmento ruin_01 (§21 regra 2).
enramados_prop_enemy_keep,prop,enramados,Assunto: enemy_keep,art/source/enramados/props/enramados_prop_enemy_keep.aseprite,art/export/enramados/props/enramados_prop_enemy_keep.png,,,,,,—,—,1,,empire_working,P2,2,TODO,no,no,O assunto do segmento fortress_01 (§21 regra 2).
enramados_prop_cliff,prop,enramados,Assunto: cliff,art/source/enramados/props/enramados_prop_cliff.aseprite,art/export/enramados/props/enramados_prop_cliff.png,,,,,,—,—,1,,empire_working,P2,2,TODO,no,no,O assunto do segmento edge_01 (§21 regra 2).
enramados_prop_lantern,prop,enramados,lantern × 4 variantes,art/source/enramados/props/enramados_prop_lantern.aseprite,art/export/enramados/props/enramados_prop_lantern_<vv>.png,32,48,,16,48,—,—,4,,empire_working,P2,2,TODO,no,no,Soleira dos edifícios (§21). Nunca espelhar com lado iluminado.
enramados_prop_crate,prop,enramados,crate × 4 variantes,art/source/enramados/props/enramados_prop_crate.aseprite,art/export/enramados/props/enramados_prop_crate_<vv>.png,32,48,,16,48,—,—,4,,empire_working,P2,2,TODO,no,no,Soleira dos edifícios (§21). Nunca espelhar com lado iluminado.
enramados_prop_tools,prop,enramados,tools × 4 variantes,art/source/enramados/props/enramados_prop_tools.aseprite,art/export/enramados/props/enramados_prop_tools_<vv>.png,32,48,,16,48,—,—,4,,empire_working,P2,2,TODO,no,no,Soleira dos edifícios (§21). Nunca espelhar com lado iluminado.
enramados_prop_barrel,prop,enramados,barrel × 4 variantes,art/source/enramados/props/enramados_prop_barrel.aseprite,art/export/enramados/props/enramados_prop_barrel_<vv>.png,32,48,,16,48,—,—,4,,empire_working,P2,2,TODO,no,no,Soleira dos edifícios (§21). Nunca espelhar com lado iluminado.
enramados_prop_fence,prop,enramados,fence × 4 variantes,art/source/enramados/props/enramados_prop_fence.aseprite,art/export/enramados/props/enramados_prop_fence_<vv>.png,32,48,,16,48,—,—,4,,empire_working,P2,2,TODO,no,no,Soleira dos edifícios (§21). Nunca espelhar com lado iluminado.
enramados_prop_sign_post,prop,enramados,sign_post × 4 variantes,art/source/enramados/props/enramados_prop_sign_post.aseprite,art/export/enramados/props/enramados_prop_sign_post_<vv>.png,32,48,,16,48,—,—,4,,empire_working,P2,2,TODO,no,no,Soleira dos edifícios (§21). Nunca espelhar com lado iluminado.
ancient_forest_sky_bands,céu,enramados,Céu: bands,art/source/ancient_forest/sky/ancient_forest_sky_bands.aseprite,art/export/ancient_forest/sky/ancient_forest_sky_bands.png,1280,300,,,,—,—,1,,empire_working,P1,2,TODO,no,no,Hora do dia = LUT (§22 degrau 3). Sem contorno.
ancient_forest_sky_sun,céu,enramados,Céu: sun,art/source/ancient_forest/sky/ancient_forest_sky_sun.aseprite,art/export/ancient_forest/sky/ancient_forest_sky_sun.png,64,64,,,,—,—,1,,empire_working,P1,2,TODO,no,no,Hora do dia = LUT (§22 degrau 3). Sem contorno.
ancient_forest_sky_moon,céu,enramados,Céu: moon,art/source/ancient_forest/sky/ancient_forest_sky_moon.aseprite,art/export/ancient_forest/sky/ancient_forest_sky_moon.png,64,64,,,,—,—,1,,empire_working,P1,2,TODO,no,no,Hora do dia = LUT (§22 degrau 3). Sem contorno.
ancient_forest_sky_cloud,céu,enramados,Céu: cloud,art/source/ancient_forest/sky/ancient_forest_sky_cloud.aseprite,art/export/ancient_forest/sky/ancient_forest_sky_cloud.png,64,64,,,,—,—,4,,empire_working,P1,2,TODO,no,no,Hora do dia = LUT (§22 degrau 3). Sem contorno.
ancient_forest_parallax_mountain,parallax,enramados,Peças de parallax: mountain,art/source/ancient_forest/parallax/ancient_forest_parallax_mountain_<peça>.aseprite,art/export/ancient_forest/parallax/,,,,,,—,—,1,,empire_working,P1,2,TODO,no,no,Preset fechado (§11). Detalhe mínimo 8 px. Gerado por região (§54).
ancient_forest_parallax_hill,parallax,enramados,Peças de parallax: hill,art/source/ancient_forest/parallax/ancient_forest_parallax_hill_<peça>.aseprite,art/export/ancient_forest/parallax/,,,,,,—,—,1,,empire_working,P1,2,TODO,no,no,Preset fechado (§11). Detalhe mínimo 4 px. Gerado por região (§54).
ancient_forest_parallax_mid,parallax,enramados,Peças de parallax: mid,art/source/ancient_forest/parallax/ancient_forest_parallax_mid_<peça>.aseprite,art/export/ancient_forest/parallax/,,,,,,—,—,1,,empire_working,P1,2,TODO,no,no,Preset fechado (§11). Detalhe mínimo 4 px. Gerado por região (§54).
ancient_forest_parallax_fore,parallax,enramados,Peças de parallax: fore,art/source/ancient_forest/parallax/ancient_forest_parallax_fore_<peça>.aseprite,art/export/ancient_forest/parallax/,,,,,,—,—,1,,empire_working,P1,2,TODO,no,no,Preset fechado (§11). Detalhe mínimo 2 px. Gerado por região (§54).
ancient_forest_cavity_small,caverna,enramados,cavity small,art/source/ancient_forest/tiles/ancient_forest_cavity_small.aseprite,art/export/ancient_forest/tiles/ancient_forest_cavity_small.png,256,200,,,,—,—,1,,empire_working,P2,3,TODO,no,no,Cavidade cabe um monarca de pé (§11).
ancient_forest_cavity_large,caverna,enramados,cavity large,art/source/ancient_forest/tiles/ancient_forest_cavity_large.aseprite,art/export/ancient_forest/tiles/ancient_forest_cavity_large.png,256,200,,,,—,—,1,,empire_working,P2,3,TODO,no,no,Cavidade cabe um monarca de pé (§11).
ancient_forest_passage_ladder,caverna,enramados,passage ladder,art/source/ancient_forest/tiles/ancient_forest_passage_ladder.aseprite,art/export/ancient_forest/tiles/ancient_forest_passage_ladder.png,64,203,,,,—,—,1,,empire_working,P2,3,TODO,no,no,Cavidade cabe um monarca de pé (§11).
ancient_forest_passage_roots,caverna,enramados,passage roots,art/source/ancient_forest/tiles/ancient_forest_passage_roots.aseprite,art/export/ancient_forest/tiles/ancient_forest_passage_roots.png,64,203,,,,—,—,1,,empire_working,P2,3,TODO,no,no,Cavidade cabe um monarca de pé (§11).
ui_king_wheel,UI,neutral,Roda do rei — vitral de 6 segmentos,art/source/ui/ui_king_wheel.aseprite,art/export/ui/ui_king_wheel.png,256,256,,,,—,—,1,,empire_working,P1,2,TODO,no,no,"Gamepad-first; texto ≥ 12 px (§24, §26)."
ui_debt_clock,UI,neutral,Relógio da dívida — 6 dias,art/source/ui/ui_debt_clock.aseprite,art/export/ui/ui_debt_clock.png,64,64,,,,—,—,1,,empire_working,P3,6,TODO,no,no,"Gamepad-first; texto ≥ 12 px (§24, §26)."
ui_glyphs_keyboard,UI,neutral,Glifos de teclado,art/source/ui/ui_glyphs_keyboard.aseprite,art/export/ui/ui_glyphs_keyboard.png,256,64,,,,—,—,1,,empire_working,P1,4,TODO,no,no,"Gamepad-first; texto ≥ 12 px (§24, §26)."
ui_glyphs_xbox,UI,neutral,Glifos Xbox,art/source/ui/ui_glyphs_xbox.aseprite,art/export/ui/ui_glyphs_xbox.png,256,64,,,,—,—,1,,empire_working,P1,4,TODO,no,no,"Gamepad-first; texto ≥ 12 px (§24, §26)."
ui_glyphs_playstation,UI,neutral,Glifos PlayStation,art/source/ui/ui_glyphs_playstation.aseprite,art/export/ui/ui_glyphs_playstation.png,256,64,,,,—,—,1,,empire_working,P1,4,TODO,no,no,"Gamepad-first; texto ≥ 12 px (§24, §26)."
ui_glyphs_steamdeck,UI,neutral,Glifos Steam Deck,art/source/ui/ui_glyphs_steamdeck.aseprite,art/export/ui/ui_glyphs_steamdeck.png,256,64,,,,—,—,1,,empire_working,P1,4,TODO,no,no,"Gamepad-first; texto ≥ 12 px (§24, §26)."
ui_panel_9slice,UI,neutral,Painel de menu (9-slice),art/source/ui/ui_panel_9slice.aseprite,art/export/ui/ui_panel_9slice.png,96,96,,,,—,—,1,,empire_working,P2,4,TODO,no,no,"Gamepad-first; texto ≥ 12 px (§24, §26)."
ui_button,UI,neutral,Botão (normal·hover·focus·pressed),art/source/ui/ui_button.aseprite,art/export/ui/ui_button.png,96,32,,,,—,—,1,,empire_working,P2,4,TODO,no,no,"Gamepad-first; texto ≥ 12 px (§24, §26)."
ui_save_slot_card,UI,neutral,Cartão de gravação,art/source/ui/ui_save_slot_card.aseprite,art/export/ui/ui_save_slot_card.png,320,96,,,,—,—,1,,empire_working,P2,4,TODO,no,no,"Gamepad-first; texto ≥ 12 px (§24, §26)."
ui_title_logo,UI,neutral,Logótipo (placeholder até ao nome),art/source/ui/ui_title_logo.aseprite,art/export/ui/ui_title_logo.png,640,200,,,,—,—,1,,empire_working,P2,4,TODO,no,no,"Gamepad-first; texto ≥ 12 px (§24, §26)."
ui_font_pixel_12,UI,neutral,"Fonte de conteúdo, 12 px de altura de carácter",art/source/ui/ui_font_pixel_12.aseprite,art/export/ui/ui_font_pixel_12.fnt,,12,,,,—,—,,,empire_working,P0,0,TODO,no,no,"Decisão da Fase 0 (§26, §38): a 8 px reprova o Steam Deck Verified."
ui_font_title,UI,neutral,Fonte de títulos,art/source/ui/ui_font_title.aseprite,art/export/ui/ui_font_title.fnt,,,,,,—,—,,,empire_working,P2,4,TODO,no,no,"Decisão da Fase 0 (§26, §38): a 8 px reprova o Steam Deck Verified."
ui_icon_build,ícone,neutral,Ícone entalhado: build,art/source/ui/icons/ui_icon_build.aseprite,art/export/ui/icons/ui_icon_build.png,32,32,,,,—,carve,6,10,empire_working,P1,2,TODO,no,no,"Madeira entalhada, nunca texto (§01, §24). 'carve' = os 6 frames da conquista."
ui_icon_recruit,ícone,neutral,Ícone entalhado: recruit,art/source/ui/icons/ui_icon_recruit.aseprite,art/export/ui/icons/ui_icon_recruit.png,32,32,,,,—,carve,6,10,empire_working,P1,2,TODO,no,no,"Madeira entalhada, nunca texto (§01, §24). 'carve' = os 6 frames da conquista."
ui_icon_crafts,ícone,neutral,Ícone entalhado: crafts,art/source/ui/icons/ui_icon_crafts.aseprite,art/export/ui/icons/ui_icon_crafts.png,32,32,,,,—,carve,6,10,empire_working,P1,2,TODO,no,no,"Madeira entalhada, nunca texto (§01, §24). 'carve' = os 6 frames da conquista."
ui_icon_impulse,ícone,neutral,Ícone entalhado: impulse,art/source/ui/icons/ui_icon_impulse.aseprite,art/export/ui/icons/ui_icon_impulse.png,32,32,,,,—,carve,6,10,empire_working,P1,2,TODO,no,no,"Madeira entalhada, nunca texto (§01, §24). 'carve' = os 6 frames da conquista."
ui_icon_expedition,ícone,neutral,Ícone entalhado: expedition,art/source/ui/icons/ui_icon_expedition.aseprite,art/export/ui/icons/ui_icon_expedition.png,32,32,,,,—,carve,6,10,empire_working,P1,2,TODO,no,no,"Madeira entalhada, nunca texto (§01, §24). 'carve' = os 6 frames da conquista."
ui_icon_succession,ícone,neutral,Ícone entalhado: succession,art/source/ui/icons/ui_icon_succession.aseprite,art/export/ui/icons/ui_icon_succession.png,32,32,,,,—,carve,6,10,empire_working,P1,2,TODO,no,no,"Madeira entalhada, nunca texto (§01, §24). 'carve' = os 6 frames da conquista."
ui_icon_sickle,ícone,neutral,Ícone entalhado: sickle,art/source/ui/icons/ui_icon_sickle.aseprite,art/export/ui/icons/ui_icon_sickle.png,32,32,,,,—,carve,6,10,empire_working,P2,2,TODO,no,no,"Madeira entalhada, nunca texto (§01, §24). 'carve' = os 6 frames da conquista."
ui_icon_horn,ícone,neutral,Ícone entalhado: horn,art/source/ui/icons/ui_icon_horn.aseprite,art/export/ui/icons/ui_icon_horn.png,32,32,,,,—,carve,6,10,empire_working,P2,2,TODO,no,no,"Madeira entalhada, nunca texto (§01, §24). 'carve' = os 6 frames da conquista."
ui_icon_scales,ícone,neutral,Ícone entalhado: scales,art/source/ui/icons/ui_icon_scales.aseprite,art/export/ui/icons/ui_icon_scales.png,32,32,,,,—,carve,6,10,empire_working,P2,2,TODO,no,no,"Madeira entalhada, nunca texto (§01, §24). 'carve' = os 6 frames da conquista."
ui_icon_shield_road,ícone,neutral,Ícone entalhado: shield_road,art/source/ui/icons/ui_icon_shield_road.aseprite,art/export/ui/icons/ui_icon_shield_road.png,32,32,,,,—,carve,6,10,empire_working,P2,2,TODO,no,no,"Madeira entalhada, nunca texto (§01, §24). 'carve' = os 6 frames da conquista."
ui_icon_candle,ícone,neutral,Ícone entalhado: candle,art/source/ui/icons/ui_icon_candle.aseprite,art/export/ui/icons/ui_icon_candle.png,32,32,,,,—,carve,6,10,empire_working,P2,2,TODO,no,no,"Madeira entalhada, nunca texto (§01, §24). 'carve' = os 6 frames da conquista."
ui_icon_seal,ícone,neutral,Ícone entalhado: seal,art/source/ui/icons/ui_icon_seal.aseprite,art/export/ui/icons/ui_icon_seal.png,32,32,,,,—,carve,6,10,empire_working,P2,2,TODO,no,no,"Madeira entalhada, nunca texto (§01, §24). 'carve' = os 6 frames da conquista."
ui_icon_forge,ícone,neutral,Ícone entalhado: forge,art/source/ui/icons/ui_icon_forge.aseprite,art/export/ui/icons/ui_icon_forge.png,32,32,,,,—,carve,6,10,empire_working,P2,2,TODO,no,no,"Madeira entalhada, nunca texto (§01, §24). 'carve' = os 6 frames da conquista."
ui_icon_kitchen,ícone,neutral,Ícone entalhado: kitchen,art/source/ui/icons/ui_icon_kitchen.aseprite,art/export/ui/icons/ui_icon_kitchen.png,32,32,,,,—,carve,6,10,empire_working,P2,2,TODO,no,no,"Madeira entalhada, nunca texto (§01, §24). 'carve' = os 6 frames da conquista."
ui_icon_granary,ícone,neutral,Ícone entalhado: granary,art/source/ui/icons/ui_icon_granary.aseprite,art/export/ui/icons/ui_icon_granary.png,32,32,,,,—,carve,6,10,empire_working,P2,2,TODO,no,no,"Madeira entalhada, nunca texto (§01, §24). 'carve' = os 6 frames da conquista."
ui_icon_henhouse,ícone,neutral,Ícone entalhado: henhouse,art/source/ui/icons/ui_icon_henhouse.aseprite,art/export/ui/icons/ui_icon_henhouse.png,32,32,,,,—,carve,6,10,empire_working,P2,2,TODO,no,no,"Madeira entalhada, nunca texto (§01, §24). 'carve' = os 6 frames da conquista."
ui_icon_farm,ícone,neutral,Ícone entalhado: farm,art/source/ui/icons/ui_icon_farm.aseprite,art/export/ui/icons/ui_icon_farm.png,32,32,,,,—,carve,6,10,empire_working,P2,2,TODO,no,no,"Madeira entalhada, nunca texto (§01, §24). 'carve' = os 6 frames da conquista."
ui_icon_training_house,ícone,neutral,Ícone entalhado: training_house,art/source/ui/icons/ui_icon_training_house.aseprite,art/export/ui/icons/ui_icon_training_house.png,32,32,,,,—,carve,6,10,empire_working,P2,2,TODO,no,no,"Madeira entalhada, nunca texto (§01, §24). 'carve' = os 6 frames da conquista."
ui_icon_core,ícone,neutral,Ícone entalhado: core,art/source/ui/icons/ui_icon_core.aseprite,art/export/ui/icons/ui_icon_core.png,32,32,,,,—,carve,6,10,empire_working,P2,2,TODO,no,no,"Madeira entalhada, nunca texto (§01, §24). 'carve' = os 6 frames da conquista."
portraits,retrato,neutral,Retratos,,,,,,,,—,—,,,empire_working,—,—,TODO,no,no,Não previstos pelo dossiê: o HUD é diegético (§24). Só se a UX de gravação pedir.
item_coin,item,neutral,coin,art/source/neutral/item_coin.aseprite,art/export/neutral/item_coin.png,16,16,,8,16,—,spin,8,10,empire_working,P0,1,TODO,no,no,A moeda é a animação mais importante do jogo (§24).
item_coin_stack,item,neutral,coin stack,art/source/neutral/item_coin_stack.aseprite,art/export/neutral/item_coin_stack.png,16,16,,8,16,—,—,6,10,empire_working,P1,1,TODO,no,no,
item_coin_sack,item,neutral,coin sack,art/source/neutral/item_coin_sack.aseprite,art/export/neutral/item_coin_sack.png,16,16,,8,16,—,—,1,10,empire_working,P1,1,TODO,no,no,
item_royal_seed,item,neutral,royal seed,art/source/neutral/item_royal_seed.aseprite,art/export/neutral/item_royal_seed.png,16,16,,8,16,—,—,6,10,empire_working,P2,1,TODO,no,no,
item_weapon_drop,item,neutral,weapon drop,art/source/neutral/item_weapon_drop.aseprite,art/export/neutral/item_weapon_drop.png,16,16,,8,16,—,—,4,10,empire_working,P2,1,TODO,no,no,
fx_rot_blot,VFX,neutral,rot blot,art/source/fx/fx_rot_blot.aseprite,art/export/fx/fx_rot_blot.png,,,,,,—,loop,,10,empire_working,P1,1,TODO,no,no,Ver VFX_REGISTER.csv.
fx_rot_burst,VFX,neutral,rot burst,art/source/fx/fx_rot_burst.aseprite,art/export/fx/fx_rot_burst.png,,,,,,—,loop,,10,empire_working,P2,2,TODO,no,no,Ver VFX_REGISTER.csv.
fx_arrow,VFX,neutral,arrow,art/source/fx/fx_arrow.aseprite,art/export/fx/fx_arrow.png,,,,,,—,loop,,10,empire_working,P1,1,TODO,no,no,Ver VFX_REGISTER.csv.
fx_fire,VFX,neutral,fire,art/source/fx/fx_fire.aseprite,art/export/fx/fx_fire.png,,,,,,—,loop,,10,empire_working,P2,2,TODO,no,no,Ver VFX_REGISTER.csv.
fx_dust,VFX,neutral,dust,art/source/fx/fx_dust.aseprite,art/export/fx/fx_dust.png,,,,,,—,loop,,10,empire_working,P2,1,TODO,no,no,Ver VFX_REGISTER.csv.
fx_hit_spark,VFX,neutral,hit spark,art/source/fx/fx_hit_spark.aseprite,art/export/fx/fx_hit_spark.png,,,,,,—,loop,,10,empire_working,P1,1,TODO,no,no,Ver VFX_REGISTER.csv.
fx_heal,VFX,neutral,heal,art/source/fx/fx_heal.aseprite,art/export/fx/fx_heal.png,,,,,,—,loop,,10,empire_working,P2,2,TODO,no,no,Ver VFX_REGISTER.csv.
fx_notes,VFX,neutral,notes,art/source/fx/fx_notes.aseprite,art/export/fx/fx_notes.png,,,,,,—,loop,,10,empire_working,P2,2,TODO,no,no,Ver VFX_REGISTER.csv.
fx_sparks,VFX,neutral,sparks,art/source/fx/fx_sparks.aseprite,art/export/fx/fx_sparks.png,,,,,,—,loop,,10,empire_working,P2,2,TODO,no,no,Ver VFX_REGISTER.csv.
fx_debris,VFX,neutral,debris,art/source/fx/fx_debris.aseprite,art/export/fx/fx_debris.png,,,,,,—,loop,,10,empire_working,P2,2,TODO,no,no,Ver VFX_REGISTER.csv.
fx_spores,VFX,neutral,spores,art/source/fx/fx_spores.aseprite,art/export/fx/fx_spores.png,,,,,,—,loop,,10,empire_working,P2,2,TODO,no,no,Ver VFX_REGISTER.csv.
shadow_10,sombra,neutral,Sombra de contacto 10 px,art/source/neutral/shadow_10.aseprite,art/export/neutral/shadow_10.png,10,4,,5,2,shadow,—,1,,empire_working,P0,0,TODO,no,no,"Elipse castanha quente, multiplicativa 45–55% (§22 degrau 1)."
shadow_14,sombra,neutral,Sombra de contacto 14 px,art/source/neutral/shadow_14.aseprite,art/export/neutral/shadow_14.png,14,4,,7,2,shadow,—,1,,empire_working,P0,0,TODO,no,no,"Elipse castanha quente, multiplicativa 45–55% (§22 degrau 1)."
shadow_16,sombra,neutral,Sombra de contacto 16 px,art/source/neutral/shadow_16.aseprite,art/export/neutral/shadow_16.png,16,4,,8,2,shadow,—,1,,empire_working,P0,0,TODO,no,no,"Elipse castanha quente, multiplicativa 45–55% (§22 degrau 1)."
shadow_18,sombra,neutral,Sombra de contacto 18 px,art/source/neutral/shadow_18.aseprite,art/export/neutral/shadow_18.png,18,4,,9,2,shadow,—,1,,empire_working,P0,0,TODO,no,no,"Elipse castanha quente, multiplicativa 45–55% (§22 degrau 1)."
shadow_22,sombra,neutral,Sombra de contacto 22 px,art/source/neutral/shadow_22.aseprite,art/export/neutral/shadow_22.png,22,4,,11,2,shadow,—,1,,empire_working,P0,0,TODO,no,no,"Elipse castanha quente, multiplicativa 45–55% (§22 degrau 1)."
shadow_24,sombra,neutral,Sombra de contacto 24 px,art/source/neutral/shadow_24.aseprite,art/export/neutral/shadow_24.png,24,5,,12,2,shadow,—,1,,empire_working,P0,0,TODO,no,no,"Elipse castanha quente, multiplicativa 45–55% (§22 degrau 1)."
shadow_26,sombra,neutral,Sombra de contacto 26 px,art/source/neutral/shadow_26.aseprite,art/export/neutral/shadow_26.png,26,5,,13,2,shadow,—,1,,empire_working,P0,0,TODO,no,no,"Elipse castanha quente, multiplicativa 45–55% (§22 degrau 1)."
shadow_32,sombra,neutral,Sombra de contacto 32 px,art/source/neutral/shadow_32.aseprite,art/export/neutral/shadow_32.png,32,6,,16,3,shadow,—,1,,empire_working,P0,0,TODO,no,no,"Elipse castanha quente, multiplicativa 45–55% (§22 degrau 1)."
shadow_40,sombra,neutral,Sombra de contacto 40 px,art/source/neutral/shadow_40.aseprite,art/export/neutral/shadow_40.png,40,8,,20,4,shadow,—,1,,empire_working,P0,0,TODO,no,no,"Elipse castanha quente, multiplicativa 45–55% (§22 degrau 1)."
shadow_48,sombra,neutral,Sombra de contacto 48 px,art/source/neutral/shadow_48.aseprite,art/export/neutral/shadow_48.png,48,10,,24,5,shadow,—,1,,empire_working,P0,0,TODO,no,no,"Elipse castanha quente, multiplicativa 45–55% (§22 degrau 1)."
shadow_56,sombra,neutral,Sombra de contacto 56 px,art/source/neutral/shadow_56.aseprite,art/export/neutral/shadow_56.png,56,11,,28,5,shadow,—,1,,empire_working,P0,0,TODO,no,no,"Elipse castanha quente, multiplicativa 45–55% (§22 degrau 1)."
shadow_64,sombra,neutral,Sombra de contacto 64 px,art/source/neutral/shadow_64.aseprite,art/export/neutral/shadow_64.png,64,13,,32,6,shadow,—,1,,empire_working,P0,0,TODO,no,no,"Elipse castanha quente, multiplicativa 45–55% (§22 degrau 1)."
shadow_96,sombra,neutral,Sombra de contacto 96 px,art/source/neutral/shadow_96.aseprite,art/export/neutral/shadow_96.png,96,19,,48,9,shadow,—,1,,empire_working,P0,0,TODO,no,no,"Elipse castanha quente, multiplicativa 45–55% (§22 degrau 1)."
shadow_120,sombra,neutral,Sombra de contacto 120 px,art/source/neutral/shadow_120.aseprite,art/export/neutral/shadow_120.png,120,24,,60,12,shadow,—,1,,empire_working,P0,0,TODO,no,no,"Elipse castanha quente, multiplicativa 45–55% (§22 degrau 1)."
shadow_160,sombra,neutral,Sombra de contacto 160 px,art/source/neutral/shadow_160.aseprite,art/export/neutral/shadow_160.png,160,32,,80,16,shadow,—,1,,empire_working,P0,0,TODO,no,no,"Elipse castanha quente, multiplicativa 45–55% (§22 degrau 1)."
shadow_480,sombra,neutral,Sombra de contacto 480 px,art/source/neutral/shadow_480.aseprite,art/export/neutral/shadow_480.png,480,32,,240,16,shadow,—,1,,empire_working,P0,0,TODO,no,no,"Elipse castanha quente, multiplicativa 45–55% (§22 degrau 1)."
unit_scale2_placeholder,placeholder,neutral,unit_scale2_placeholder,—,art/export/_placeholder/unit_scale2_placeholder.png,24,47,24×47,12,47,—,—,1,,empire_working,P0,0,IN_GAME,yes,no,Sprite do dia zero em scenes/boot.tscn. Fora do LFS (ADR 0009).
contact_shadow_18,placeholder,neutral,contact_shadow_18,—,art/export/_placeholder/contact_shadow_18.png,18,6,18×6,9,6,—,—,1,,empire_working,P0,0,IN_GAME,yes,no,Sombra do dia zero. Fora do LFS (ADR 0009).
rot_amargueiro_trunk_t1,cenario,—,"Tronco de Amargueiro, escala 1",art/source/rot/rot_amargueiro.aseprite,art/export/rot/rot_amargueiro_trunk_t1.png,64,64,,32,56,trunk,idle · root · fell,1 · 12 · 14,8,madeira escura e resinosa,P1,2,TODO,,,"Um por escala, e só três. A variedade vem da cara, não do tronco (§74, §80)."
rot_amargueiro_trunk_t2,cenario,—,"Tronco de Amargueiro, escala 2",art/source/rot/rot_amargueiro.aseprite,art/export/rot/rot_amargueiro_trunk_t2.png,96,96,,48,88,trunk,idle · root · fell,1 · 12 · 14,8,madeira escura e resinosa,P1,2,TODO,,,"Um por escala, e só três. A variedade vem da cara, não do tronco (§74, §80)."
rot_amargueiro_trunk_t3,cenario,—,"Tronco de Amargueiro, escala 3",art/source/rot/rot_amargueiro.aseprite,art/export/rot/rot_amargueiro_trunk_t3.png,128,128,,64,120,trunk,idle · root · fell,1 · 12 · 14,8,madeira escura e resinosa,P1,2,TODO,,,"Um por escala, e só três. A variedade vem da cara, não do tronco (§74, §80)."
rot_amargueiro_bark_mask,cenario,—,Máscara de casca sobre o slot face,art/source/rot/rot_amargueiro.aseprite,art/export/rot/rot_amargueiro_bark_mask.png,128,128,,,,overlay,idle,1,—,madeira escura,P1,2,TODO,,,"É o que põe a cara de quem morreu ali na casca: reutiliza o ficheiro do slot face, sem sprite novo por unidade (§80, ponto 4)."
rot_lantern,efeito,—,A candeia da Podridão,art/source/rot/rot_lantern.aseprite,art/export/rot/rot_lantern.png,32,32,,,,—,idle,4,6,âmbar #F6D89B · #E8A94E · #AE4F16,P1,2,TODO,,,A única fonte quente do campo que não é do jogador. Duas chamas com a Dívida ≥ 12 (§75).
rot_offer_plate,cenario,—,Alguidar de oferenda,art/source/rot/rot_offer_plate.aseprite,art/export/rot/rot_offer_plate.png,48,48,,,,—,rise · sink,6 · 6,8,barro,P1,3,TODO,,,"Do tamanho de um slot de construção. É um alvo, não um menu (§75)."
rot_tender,personagem,—,O Zelador,art/source/rot/rot_tender.aseprite,art/export/rot/rot_tender.png,96,96,,,,body · face,walk · look,8 · 4,8,"silhueta, sem detalhe",P2,3,TODO,,,"Anda atrás da mancha, não ataca, e olha para o núcleo. Pode ser afastado, não morto (§75)."
lore_title_ribbon,interface,—,"Fitas de título, nove cores",art/source/lore/lore_title_ribbon.aseprite,art/export/lore/lore_title_ribbon.png,16,16,,,,overlay,idle,9,—,uma cor por feito (titles.csv),P2,4,TODO,,,Nove quadros numa folha. Zero sprites novos de corpo (§76).
world_people_banner,cenario,todos,Estandarte de povo solto,art/source/world/world_people_banner.aseprite,art/export/world/world_people_banner.png,32,64,,,,—,idle,4,4,uma por povo,P1,5,TODO,,,"Seis mastros sobre o núcleo, sempre na mesma ordem. O povo ficado deixa o mastro vazio — é uma imagem melhor do que o estandarte cheio (§82)."
world_marker_stone,cenario,—,Marco de pedra (Amargueiro consagrado),art/source/world/world_marker_stone.aseprite,art/export/world/world_marker_stone.png,96,128,,,,—,idle,1,—,pedra,P2,2,TODO,,,"Defesa, economia e cemitério ao mesmo tempo: protege 120 px de novas raízes e abranda a mancha 40% (§74)."
original_knight,original,enramados,knight,art/source/originals/troop.aseprite,art/export/enramados/knight.png,49,54,,18,53,composite,idle,6,source,original,P0,1,IN_GAME,yes,no,"Referencia quase concluida confirmada pelo autor. Preservar identidade, proporcao e rosto; completar estados e animacoes. Nao equivale a aprovacao final."
original_vagrant,original,enramados,vagrant,art/source/originals/troop.aseprite,art/export/enramados/vagrant.png,49,54,,18,53,composite,idle,6,source,original,P0,1,IN_GAME,yes,no,Derivacao temporaria Body/Face da tropa; tambem base provisoria de arqueiros. Nao e novo personagem aprovado.
original_archer,original,enramados,archer,art/source/originals/archer.aseprite,,49,54,,18,53,composite,static,1,source,original,P0,1,TODO,no,no,Conceito rejeitado pelo autor em 19/09/2026. Fonte historica; export removido. Runtime usa corpo/rosto da tropa e marca temporaria de arco. REFERENCE_AUTHORITY.md.
original_monarch,original,enramados,monarch,art/source/originals/concept.aseprite,art/export/enramados/monarch.png,60,94,,35,93,composite,static,1,source,original,P0,1,IN_GAME,yes,no,"Redesign necessario segundo o autor. Representacao temporaria; estudo novo e proposta, sem aprovacao e fora do runtime. REFERENCE_AUTHORITY.md."
original_cook,original,enramados,cook,art/source/originals/concept.aseprite,art/export/enramados/cook.png,48,68,,15,66,composite,static,1,source,original,P0,1,IN_GAME,yes,no,"Referencia quase concluida confirmada pelo autor. Preservar lingua, rosto, corpo e barrete. Completar atuacao sem reformulacao geral."
original_tree_castle,original,enramados,tree_castle,art/source/originals/concept.aseprite,art/export/enramados/tree_castle.png,746,514,,370,514,composite,static,1,source,original,P0,1,IN_GAME,yes,no,Integrado; sem reamostragem. Nao equivale a arte final. Tempos e camadas no manifest; ADR 0022.
original_training_house,original,enramados,training_house,art/source/originals/concept.aseprite,art/export/enramados/training_house.png,100,156,,50,156,composite,static,1,source,original,P0,1,IN_GAME,yes,no,Integrado; sem reamostragem. Nao equivale a arte final. Tempos e camadas no manifest; ADR 0022.
original_oak,original,enramados,oak,art/source/originals/concept.aseprite,art/export/enramados/oak.png,633,584,,316,584,composite,static,1,source,original,P0,1,IN_GAME,yes,no,Integrado; sem reamostragem. Nao equivale a arte final. Tempos e camadas no manifest; ADR 0022.
original_far_keep,original,enramados,far_keep,art/source/originals/concept.aseprite,art/export/enramados/far_keep.png,746,411,,370,411,composite,static,1,source,original,P0,1,IN_GAME,yes,no,Integrado; sem reamostragem. Nao equivale a arte final. Tempos e camadas no manifest; ADR 0022.
